post_id,product_id,parent_id,user_id,material,likes_count,created_at,updated_at,deleted_at
VB64GDOCCXRZ,6COU7Q80MD,NULL,64249803,新商品は介護業界に特化した画期的なツールで、プレゼンテーション時の失敗事例を分析し、顧客対応を改善する機能が搭載されています。リードを効率的に獲得できるイベントでの活用が期待でき、営業活動を一層効果的にサポートします。,8,2021-12-07 20:55,2023-08-15 01:52,NULL
MFXT89RT3F26,JPS87VVXZ8,NULL,34993042,当社の最新ITソリューションは、プロジェクト管理における課題解決を実現し、顧客満足度を大幅に向上させます。サプライチェーンの最適化を通じて、トレンドに敏感なビジネス環境に対応した交渉力を強化します。ぜひご検討ください。,6,2021-12-08 21:25,2023-03-27 00:07,NULL
FXH5BS36S88N,EHBMKJF7LM,NULL,44113628,当社の新商品は、顧客ニーズを的確に捉えた設計が魅力です。既存商品との違いを明確にし、失敗事例を踏まえたサービス改善が施されています。法律・規制に準拠した教育・トレーニングも充実しており、顧客対応の質を向上させることが可能です。,9,2021-12-11 21:45,2023-06-13 01:47,NULL
RNMVD3GT119E,949Z0H3KLR,NULL,92467274,この薬品は、競合製品と比較して優れた効果を持ち、顧客からの信頼も厚いです。法律・規制に準拠しているため、安全性も確保されており、リードからクロージングまでのプロセスがスムーズに進みます。顧客対応も充実しており、ニーズに応じた提案が可能です。,2,2021-12-16 00:13,2023-08-26 21:14,NULL
ZAWPJPLKQS5F,SRN9S1XR4V,NULL,42908251,新商品「連携マスター」は、製造業に特化した部署間連携を強化するツールです。過去の失敗事例を分析し、実際のニーズに基づいて設計されたため、業務効率が大幅に向上します。営業活動を通じて、導入効果を実感していただける自信があります。,2,2021-12-17 05:07,2023-01-01 09:05,NULL
VGMIPSWRYVLN,90Q9VYRVSK,NULL,81926136,この商品は、生産性向上に特化した機能を備えており、チームのコラボレーションを円滑に進めるためのツールとして非常に優れています。時事ネタに基づいた最新のアップデートも反映されており、フォローアップの効率が飛躍的に向上します。営業の現場での活用が期待できる一品です。,4,2021-12-18 12:03,2022-09-19 12:13,NULL
D3W70J8VW2IH,7RM5SKJIBV,NULL,34993042,新商品は、既存商品と比べて品質管理が徹底されており、製造業のニーズに応える設計が魅力です。成功事例も豊富で、実績に基づいた信頼性が高く、営業の現場でも自信を持って提案できる商品です。,6,2021-12-18 13:57,2022-05-24 18:52,NULL
5YCALHLLBMIJ,605S9NIHMN,NULL,71276044,当社の新製品は、ITと製造業の連携を強化し、金融業界のニーズにも対応。時事ネタを活用した効果的な顧客対応とフォローアップを実現し、部署間の連携を促進します。イベントでのデモも好評で、導入後の効果を実感いただける商品です。,5,2021-12-22 22:12,2022-11-30 19:39,NULL
QLA95EDJ0YNV,4IC88G95NO,NULL,78555463,介護業界における失敗事例を踏まえた当社の製品は、課題解決に特化した設計が施されています。サプライチェーンの最適化により、迅速な納品と安定した供給を実現し、介護現場のニーズに応えることができます。信頼性の高い商品で、業務効率を向上させるお手伝いをいたします。,3,2021-12-22 23:11,2023-06-30 21:54,NULL
ALYZBI8SXKM3,SRN9S1XR4V,NULL,80989658,この商品は、Q&Aセッションを通じて顧客の疑問を解消し、信頼を築くのに最適です。交渉の場面では、柔軟な提案が可能で、部署間連携を強化することで、よりスムーズなクロージングが実現します。ぜひ、営業活動に活用してみてください。,3,2021-12-23 16:18,2023-12-15 10:25,NULL
8F7OLR938W9W,FMYYE4KVZL,NULL,97823141,新商品は、部署間連携を強化するためのツールとして非常に効果的です。リアルタイムでの情報共有機能により、課題解決が迅速に行えるため、営業チームの生産性が向上します。時事ネタに基づいた柔軟な対応も可能で、競争力を高める一助となるでしょう。,4,2021-12-27 05:49,2022-03-20 08:28,NULL
FIYA2YNILLRT,TRMKLF7DTP,NULL,73136897,新商品は、フォローアップのプロセスを強化し、効果的なクロージングを実現するためのツールです。コラボレーション機能により、チーム全体での情報共有がスムーズになり、営業効率が向上します。これにより、顧客との関係構築が一層深まり、成約率も高まること間違いなしです。,4,2021-12-31 07:50,2023-03-16 10:32,NULL
P5ZCTK29AZO3,KJC0OZMC9P,NULL,94558255,私たちの新しい介護用薬品は、最新の法律・規制に準拠し、顧客ニーズに応える形で開発されています。競合分析を通じて得た成功事例を基に、サプライチェーンの効率化を図り、迅速な供給を実現しました。時事ネタを取り入れたマーケティング戦略で、より多くの介護施設に導入を促進しています。,8,2022-01-01 23:50,2022-07-10 22:26,NULL
FAIYEDVQI2PV,U0C8MV3ZTP,NULL,85171900,新商品は最新のトレンドを取り入れ、顧客満足度を高めるために徹底した品質管理が行われています。イベントでも注目を集め、イノベーションを感じさせるデザインが魅力です。これにより、営業活動がより効果的に進むこと間違いなしです。,6,2022-01-02 09:30,2023-04-09 09:39,NULL
NCNHEXG7H6CK,LYOC2WABA2,NULL,33648077,この商品は、製造業における課題解決に特化しており、既存商品の改善を図るためのサービスを提供します。交渉やクロージングの際にも、具体的なメリットを示すことで顧客の信頼を得やすく、成約率を高めることができます。,4,2022-01-03 21:34,2022-03-11 18:45,NULL
U46XX11X16LG,VFJNG7S0CP,NULL,98263623,新商品のプレゼンテーションは、部署間連携を強化し、マーケティング戦略を効果的に展開する絶好の機会です。営業チームがこの商品を通じて顧客ニーズに応えることで、売上向上が期待できます。全体的に、チームワークと戦略的アプローチが成功の鍵となります。,2,2022-01-04 21:55,2023-06-23 03:13,NULL
1H192U8LDITX,MCEZTT0O1J,NULL,33648077,新商品は、業務の課題解決に特化した機能を備えており、生産性向上に大きく寄与します。営業の視点から見ると、顧客に対して具体的な利点を示しやすく、クロージングもスムーズに進むでしょう。この商品は、競争力を高めるための強力なツールです。,6,2022-01-10 22:46,2023-09-20 05:48,NULL
8SFZOWOFCMT8,SRN9S1XR4V,NULL,97823141,当社の最新金融ソリューションは、コスト削減を実現しつつ、技術サポートも充実しています。これにより、効率的な資金管理が可能になり、営業活動をさらに強化できます。ぜひご検討ください！,1,2022-01-13 07:51,2023-07-22 08:34,NULL
0M3U2TAS3WU4,WK09AB9UNP,NULL,76432053,当社の新製品は、製造業の現場でのサプライチェーンの効率化を実現します。競合分析を基にしたイノベーションが特徴で、既存商品の失敗事例を踏まえた提案書を通じて、顧客のニーズに応えます。時事ネタを取り入れたアプローチで、今の市場に最適なソリューションを提供します。,2,2022-01-13 21:01,2024-05-09 00:27,NULL
QR8B1474XRTW,7RM5SKJIBV,NULL,27750243,この商品は、IT業界における交渉や競合分析に役立つツールであり、失敗事例を学ぶことで課題解決に繋がります。法律・規制を考慮した提案書作成もサポートしており、営業活動の効率を大幅に向上させることが期待できます。,2,2022-01-15 22:07,2024-01-09 16:17,NULL
1D9VYZA1ZLTR,OG6QBN656X,NULL,95265834,当社の新商品は、法律・規制に準拠しつつ、サプライチェーンの効率を最大化する設計が施されています。教育・トレーニングプログラムも充実しており、顧客対応の質を向上させるためのプレゼンテーションスキルも強化できます。部署間連携を促進し、全体の業務効率を高める一助となるでしょう。,8,2022-01-21 07:51,2023-01-11 05:15,NULL
AORPL9W3WFUR,95916MF0BS,NULL,27750243,この商品は、製造業における薬品管理を効率化し、顧客対応の質を向上させるための強力なツールです。マーケティング戦略にも活用でき、生産性向上に寄与する機能が充実しており、営業チームの業務をサポートします。,1,2022-01-22 20:38,2022-12-22 11:33,NULL
Z6CVRMNXN5XD,5DQIDYTO3T,NULL,27063854,当社の金融サービスは、介護業界に特化したサポートを提供し、顧客満足度を高めるために質の高い技術サポートを実施しています。サプライチェーンの最適化と品質管理を徹底し、安心してご利用いただける商品です。,8,2022-01-24 08:23,2023-01-27 11:16,NULL
9L6W4XOZNSEB,LZX0JLAH8X,NULL,98876028,私たちの新商品は、介護業界に特化した画期的なソリューションです。法律・規制を遵守しつつ、流通とサプライチェーンを最適化することで、生産性向上を実現。また、コラボレーション機能により、チーム全体での効率的な業務運営をサポートします。ぜひご検討ください！,2,2022-01-27 20:29,2022-04-06 03:02,NULL
W0GN8SN13WOD,7RM5SKJIBV,NULL,92467274,当社の新薬は、最新の医療トレンドに基づき開発され、顧客ニーズにしっかり応えています。部署間連携を強化し、迅速な顧客対応を実現。法律・規制を遵守しながら、リードを獲得するための強力な武器となるでしょう。,10,2022-01-28 12:47,2023-11-25 02:55,NULL
ZAL7PA0GSUL0,NYCKKQ7VEN,NULL,81926136,この商品は、競合分析を通じて明確な優位性を持ち、コスト削減と生産性向上を実現します。品質管理が徹底されているため、顧客満足度も高く、トレンドに敏感な市場でも強い支持を得ています。クロージングの際には、この点を強調することで、成約率を高めることができるでしょう。,4,2022-01-30 15:05,NULL,NULL
F0GMMITGPE9L,BN47KP5DYK,NULL,76432053,当社の新薬は、顧客ニーズに基づいた革新的なソリューションを提供し、金融業界との連携を強化します。競合分析を通じて、トレンドを捉えた提案書を作成し、部署間連携を図ることで、課題解決に貢献します。プレゼンテーションを通じて、商品の優位性を明確に伝え、信頼を築くことが可能です。,0,2022-01-30 18:12,2022-07-11 15:55,NULL
UNOZIJ9G4Y43,GZ8D27ZLIC,NULL,85171900,私たちの医療プロジェクトは、競合分析を徹底し、マーケティング戦略を最適化しました。イベントを通じて顧客との関係を強化し、サプライチェーンの効率化により、迅速な納品を実現しています。これにより、信頼性の高いサービスを提供し、競争力を高めています。,2,2022-02-01 01:34,2024-02-13 03:57,NULL
YHUK5JVT3Y96,QRJP7I1RQ7,NULL,18836861,新商品は、金融業界に特化した画期的なソリューションで、法律・規制に準拠しながら部署間連携を強化します。プロジェクト管理機能も充実しており、チームのコラボレーションを促進することで、業務効率が飛躍的に向上します。今後の成長を見込める、まさに必携のアイテムです。,0,2022-02-02 10:33,2022-09-27 21:46,NULL
WYXOGBXL9TJV,KJC0OZMC9P,NULL,81926136,この商品は、時事ネタを活用した情報提供により、営業チームの生産性を大幅に向上させます。最新のトレンドを反映したアプローチで顧客の関心を引き、効果的な提案が可能です。競合との差別化を図り、売上アップに貢献すること間違いなしです。,15,2022-02-02 22:51,2023-02-14 07:40,NULL
LU4EOI4USC05,LYOC2WABA2,NULL,88922696,この商品は、ITを活用した介護現場での成功事例を多数生み出しており、教育・トレーニングを通じてスタッフのスキル向上を実現します。さらに、コスト削減や品質管理にも寄与し、効率的な運営をサポートします。,2,2022-02-05 21:37,2024-05-27 17:28,NULL
9G1YKUOO25T7,G033Q1QI0Z,NULL,77131648,当社の製造業向けソリューションは、リード獲得から技術サポート、品質管理まで一貫したサービスを提供します。提案書も充実しており、クライアントのニーズに応じたカスタマイズが可能です。これにより、信頼性の高い製品を迅速に市場に投入できます。,6,2022-02-06 04:22,NULL,NULL
TYG4RE2PD5NL,CXK8E1UF38,NULL,01919118,この商品は、製造業と流通の現場での交渉を円滑にし、品質管理を強化するための優れたツールです。コラボレーション機能により、チーム全体がリアルタイムで情報を共有できるため、業務効率が飛躍的に向上します。営業チャンスを最大限に引き出すために、ぜひご検討ください。,5,2022-02-07 12:19,2022-02-12 17:10,NULL
HMENVV1D4SKZ,I7FC31LNPB,NULL,59233102,当社の新しいITソリューションは、金融業界に特化した機能を備えており、イベントの運営や技術サポートを円滑にサポートします。さらに、サプライチェーン管理を効率化することで、業務の生産性向上に寄与します。ビジネスの成長を加速させるこの商品をぜひご検討ください。,11,2022-02-08 23:26,2023-01-28 13:51,NULL
5IM033X17U6D,G033Q1QI0Z,NULL,93012133,新商品の営業レビューとして、製造業向けの提案書を作成しました。時事ネタを取り入れ、最近の失敗事例を分析することで、顧客対応の重要性を強調しました。法律・規制に準拠したフォローアップ体制を整えることで、信頼性を高め、顧客のニーズに応えることが可能です。,4,2022-02-09 17:17,2022-10-04 02:46,NULL
9YF96TF4A1V0,SJY28960RT,NULL,98263623,新商品の薬品は、競合分析を通じて市場でのユニークなポジションを確立しています。法律・規制を遵守しつつ、失敗事例を教訓にしたプロモーション戦略を展開。リードを獲得し、効果的なクロージングを実現するためのコラボレーションが鍵となります。,2,2022-02-10 08:08,2022-12-10 05:43,NULL
G0MTX2YLA25Y,I7FC31LNPB,NULL,00975148,新商品は、コスト削減を実現しつつ、技術サポートが充実しているため、導入後の失敗事例を大幅に減少させます。営業活動においては、顧客のニーズに応じた提案が可能で、競争力を高める強力な武器となるでしょう。,6,2022-02-15 04:28,2022-08-08 02:59,NULL
1LZ9GFKDHATK,EMO06QNXKX,NULL,23248982,医療分野におけるコラボレーション商品の導入は、効率的な治療と患者満足度の向上に貢献します。特に、チーム医療を推進することで、情報共有がスムーズになり、より迅速な意思決定が可能になります。この商品は、医療現場におけるコミュニケーションを強化し、業務の効率化を実現します。,5,2022-02-15 17:05,2022-02-15 19:33,NULL
90B4NTNUTF51,P8N7DNRO5Y,NULL,75830881,新商品は医療業界に特化したサービスで、成功事例が豊富です。リードを効率的に生成し、マーケティングイベントでのプレゼンテーションにも最適です。営業活動において、顧客のニーズに応える強力なツールとなるでしょう。,2,2022-02-22 05:09,2023-11-01 23:07,NULL
5E73ZRT1WIG9,SGI0Y3UI73,NULL,43175792,当社の新製品は、製造業の失敗事例を分析し、顧客ニーズに基づいた提案書を作成しました。競合分析を通じて、顧客対応やフォローアップの強化を図り、他社との差別化を実現。これにより、顧客満足度が向上し、リピート率も増加しています。,1,2022-02-22 05:10,2022-05-11 18:53,NULL
6UHXMUJOW2A6,FZE9INV1KK,NULL,72415063,当社の新商品は、ITトレンドを反映した高品質なソリューションで、顧客満足度を大幅に向上させることができます。生産性向上に寄与する機能が充実しており、提案書を通じて効果的なクロージングが可能です。品質管理も徹底しており、安心してお勧めできます。,3,2022-02-23 03:54,2022-05-11 21:08,NULL
7TP7S2HY801C,F8SX7C1C9V,NULL,05563425,この医療薬品は、生産性向上を目指す医療現場に最適です。マーケティング戦略を駆使して、効率的な使用法を提案し、医療従事者の負担を軽減します。信頼性と効果を兼ね備えたこの商品は、営業チームにとって強力な武器となるでしょう。,1,2022-02-23 09:25,NULL,NULL
WBRRXCU9J8N4,ELONGGRVW6,NULL,80989658,この商品は、流通プロセスを最適化することで、効率的な営業活動を実現します。品質管理が徹底されており、顧客満足度を高める要素が満載です。また、イノベーションとコラボレーションを促進する機能があり、チーム全体のパフォーマンス向上に寄与します。,4,2022-02-24 22:54,2024-08-28 16:40,NULL
SRHDYRIBET4Z,2809P8I08J,NULL,59233102,当社の新商品は、金融業界向けに特化した流通ソリューションを提供し、プロジェクト管理を効率化します。競合分析を通じてコスト削減を実現し、品質管理を強化することで、パートナーとのコラボレーションを促進します。ビジネスの成長をサポートする最適な選択肢です。,7,2022-03-02 18:32,2023-06-23 14:17,NULL
VGOOVOLXMKZK,JWI5KKZTHH,NULL,77131648,当社の新商品は、最新の時事ネタを反映した機能を備え、競合他社と比較しても優れた課題解決能力を発揮します。法律・規制を遵守しながら、顧客のニーズに応えることで、信頼性と安心感を提供します。ぜひこの機会にご検討ください。,4,2022-03-04 22:25,2023-04-21 09:41,NULL
7FZ8JWBQOMZB,1G1U3KXOEJ,NULL,78555463,当社の新しい金融ソリューションは、流通業界におけるコスト削減を実現し、法律・規制に準拠した安心感を提供します。成功事例を基にしたプレゼンテーションで、イノベーションを強調し、時事ネタに即したマーケティング戦略を展開します。これにより、競争力を高めることが可能です。,3,2022-03-05 14:22,2023-01-24 20:31,NULL
6WE26IMPHSPT,FMYYE4KVZL,NULL,98263623,当社の新製品は、製造業のニーズに応える高性能なソリューションです。交渉時に得られる独自のメリットを強調し、部署間連携を促進することで、業務効率を大幅に向上させます。時事ネタに関連した機能も搭載しており、競争力を維持するための必須アイテムです。,10,2022-03-07 04:05,2022-04-16 19:46,NULL
SDQT2WGZ4Z29,QJQ74NXF0K,NULL,76432053,私たちの金融商品は、競合分析を基に設計されており、顧客満足度を優先した機能を備えています。提案書を通じて、クライアントとのコラボレーションを強化し、ニーズに応じた最適なソリューションを提供します。これにより、信頼性と満足度の向上を実現しています。,0,2022-03-10 18:47,NULL,NULL
GM6SHZDXLSS9,U0C8MV3ZTP,NULL,00975148,この商品は既存商品として市場に出ており、過去の失敗事例を踏まえた改善がなされています。マーケティング戦略も洗練されており、ターゲット層に響くメッセージを発信しています。営業の視点から見ても、顧客ニーズに応える優れた選択肢です。,2,2022-03-15 04:52,2023-02-07 17:00,NULL
F4DZGOFU7SVB,M8SMLGUTSE,NULL,64249803,新商品は、時事ネタを反映した画期的な機能を搭載しており、部署間の連携を強化します。課題解決に特化した提案書を通じて、顧客のニーズに応え、効果的なクロージングを実現することが可能です。,3,2022-03-15 22:50,2023-12-07 17:21,NULL
DF5WXJU1TWM4,1G1U3KXOEJ,NULL,27063854,当社の新商品は、コスト削減を実現しながら、効率的なサプライチェーンを構築できる優れたソリューションです。教育・トレーニングプログラムを通じて、チーム全体のスキル向上を図り、交渉力を強化します。時事ネタを活用した提案書も用意しており、クライアントのニーズに応じた柔軟なアプローチが可能です。,2,2022-03-22 05:36,2022-12-08 19:32,NULL
TUDFU60T3HBT,GOV661UC9V,NULL,59233102,この商品は、既存商品としての信頼性が高く、サービス面でも顧客満足度を追求しています。交渉時の柔軟性と、厳格な品質管理が施されているため、長期的なパートナーシップを築く上で非常に魅力的です。営業の視点から見ても、競争力のある提案が可能です。,5,2022-03-23 19:52,2023-07-28 04:00,NULL
GHMDBPCY1PTC,FGDSVCL06J,NULL,49780674,新商品は、IT業界でのマーケティング戦略を強化するための強力なツールです。技術サポートが充実しており、導入後の運用もスムーズ。営業チームにとって、顧客ニーズに即した提案が可能となり、成約率向上に貢献します。,7,2022-03-28 07:50,2023-02-10 06:54,NULL
BHFVP068CG77,G4J90885G4,NULL,53405714,新しい金融商品は、介護業界のニーズに応え、将来のトレンドを先取りしています。柔軟な資金運用が可能で、安心して介護サービスを提供できる環境を整えます。これにより、顧客の信頼を得る絶好のチャンスです。,11,2022-03-29 13:02,2023-05-07 18:21,NULL
PMND894GGI70,4IC88G95NO,NULL,68785531,この商品は介護業界に特化した教育・トレーニングツールで、顧客対応のスキル向上に役立ちます。イベントでの実践的なクロージングテクニックを学ぶことで、営業成績が向上し、信頼関係を築くことが可能になります。介護現場でのニーズに応える優れた選択肢です。,9,2022-03-30 07:49,2023-07-13 07:01,NULL
MOI6MFGL67GR,8MNXS50JH3,NULL,53405714,新商品は、プロジェクトのニーズに応じた柔軟な対応が可能で、フォローアップ体制も充実しています。品質管理が徹底されており、安心してお客様に提案できる一品です。これにより、顧客満足度の向上が期待できます。,0,2022-04-01 03:51,2023-12-19 16:23,NULL
I2GFUMS3S0GQ,QRJP7I1RQ7,NULL,49780674,私たちの新商品は、コスト削減と品質管理を両立させることができ、顧客ニーズに応える設計がされています。最近のイベントでの失敗事例を踏まえ、マーケティング戦略を見直し、より効果的なアプローチを実現しました。時事ネタを活用したプロモーションも行っており、今後の成長が期待されます。,2,2022-04-05 11:18,2024-06-05 11:47,NULL
2218QPGKRJCL,QB5VHY9IQR,NULL,72415063,新しい医療機器は、最新のイノベーションを取り入れ、厳しい法律・規制をクリアしています。時事ネタとして、最近の医療ニーズに応えるために設計されており、営業活動においても高い関心を集める商品です。ぜひご検討ください。,0,2022-04-12 07:08,2022-08-12 18:45,NULL
D0MBX96Q3Z7G,8YY30KHEHG,NULL,94558255,当社の製品は、製造業における高い品質管理を実現し、流通プロセスを最適化することで顧客満足度を向上させます。プレゼンテーションを通じてその優れた特長をお伝えし、信頼性のあるパートナーとしての地位を確立しています。,1,2022-04-13 22:00,2024-01-16 14:13,NULL
X59K1DEW1XBW,NYCKKQ7VEN,NULL,37112060,この商品は、流通の効率性を高めるために設計されており、部署間連携を強化する機能が充実しています。競合分析を通じて得たデータを基に、品質管理も徹底しており、フォローアップ体制も整っています。これにより、顧客満足度を向上させ、リピート率を高めることが期待できます。,1,2022-04-15 16:01,NULL,NULL
3V62LJSKAOYO,95916MF0BS,NULL,98876028,当社の最新ITソリューションは、製造業における効率化を実現し、金融業界でもリスク管理を強化します。今の時事ネタを反映したイノベーションを取り入れたこの商品は、業界の変化に柔軟に対応できるため、競争力を高める最適な選択です。,10,2022-04-16 23:13,2023-06-16 22:39,NULL
EF8LAGAOLJ47,605S9NIHMN,NULL,85171900,私たちの新薬品は、医療現場での品質管理を徹底し、競合分析を基にした独自の提案書を用意しています。プロジェクトのクロージングに向けて、効果的なコラボレーションを促進し、患者のニーズに応える最適なソリューションを提供します。,4,2022-04-22 04:44,2023-05-10 09:18,NULL
2FFO5EY95X52,0B2JY2H068,NULL,44113628,当社の介護サービスは、成功事例を基にした高い効果を証明しています。コスト削減を実現しつつ、技術サポートも充実しているため、安心してご利用いただけます。ぜひ、他社とのコラボレーションを通じて、さらなる価値を見出してください。,7,2022-04-22 23:34,2022-11-02 19:21,NULL
FDKTKNRRP1Q0,VKYK4RZHOX,NULL,27750243,当社の新しい金融ソリューションは、介護業界に特化したマーケティング戦略を採用しており、顧客満足度を向上させるための強力なツールです。サプライチェーンの効率化と品質管理を実現し、生産性向上をサポートすることで、チーム全体のコラボレーションを促進します。,9,2022-04-23 11:44,2022-10-15 01:23,NULL
SF3CWCNT6IEO,T3H67ZNK3A,NULL,33819417,このITサービスは、リード獲得を効率化し、営業チームの生産性を向上させます。直感的なインターフェースと強力なデータ分析機能により、ターゲット顧客へのアプローチがスムーズになり、成果を最大化することが可能です。,1,2022-04-24 07:53,2024-02-19 03:03,NULL
JOS21YUX5CGK,7GJOXNES7Z,NULL,36393300,この商品は、顧客満足度を高めるための優れた機能を備えており、成功事例も豊富です。法律・規制に準拠した提案書を作成することで、リード獲得にも効果的です。フォローアップを通じて、さらなる信頼関係を築くことができます。,0,2022-04-26 14:18,2024-01-14 00:25,NULL
DQJ42VVXDFJZ,AFM30TRIXQ,NULL,33648077,新商品は、顧客満足度を向上させるための強力なツールです。失敗事例を分析し、リード獲得からクロージングまでのプロセスを最適化する提案書を用意しました。さらに、コスト削減を実現するイベントも開催し、実践的なアプローチで商品の有効性を証明します。,0,2022-04-29 12:06,2023-08-21 06:36,NULL
HFU27K04I6YU,GGDTWZNYIC,NULL,85171900,当社の新製品は、製造業と介護の現場での課題解決に特化しています。高品質な品質管理機能を備えており、プレゼンテーションやイベントでのデモンストレーションも効果的。実際のニーズに応えることで、業務効率を大幅に向上させます。,4,2022-04-29 16:26,2023-03-28 15:46,NULL
X8IBMCQT4MR4,6COU7Q80MD,NULL,29372843,新商品は、最新の時事ネタを反映した革新的な機能を備えており、成功事例も多数あります。特に、コスト削減に直結する効果が実証されており、営業活動において顧客のニーズに応える強力な武器となるでしょう。,2,2022-04-30 08:13,2023-06-24 15:12,NULL
S1SXJELI4DDR,7RM5SKJIBV,NULL,93852109,当社の介護向け薬品は、失敗事例を徹底的に分析し、技術サポートを強化することで、安心してご使用いただける製品です。信頼性の高いサポート体制が整っているため、導入後のトラブルも最小限に抑えられ、安心して介護現場で活用できます。,3,2022-04-30 08:52,2023-03-26 22:49,NULL
VG58GU57BSS4,G4J90885G4,NULL,93852109,当社の新商品は、流通効率を最大化し、コスト削減を実現します。最新の技術サポートを提供し、法律・規制にも完全対応。さらに、他社とのコラボレーションを促進する機能を備えており、時事ネタを活用したプレゼンテーションでの訴求力も抜群です。,3,2022-05-02 16:31,2024-04-26 07:29,NULL
T8EQZC74UX5A,P8N7DNRO5Y,NULL,23248982,この商品は医療現場でのプレゼンテーションにおいて、成功事例を基にした教育・トレーニングを提供し、顧客対応の質を向上させます。失敗事例を分析することで、品質管理が強化され、生産性向上にも寄与します。営業チームにとって、これらの要素は顧客との信頼構築に不可欠です。,2,2022-05-02 23:13,2023-07-13 14:37,NULL
FJH6FV0U8E72,3SRQL49KKL,NULL,49780674,この商品は、既存商品の強みを活かしつつ、競合分析を通じて差別化を図っています。部署間連携を強化することで、顧客への技術サポートも充実しており、交渉においても有利に働く要素が揃っています。営業チームとして、ぜひお客様に自信を持って提案したい一品です。,3,2022-05-08 03:11,2023-12-02 01:49,NULL
8TNSBNI3XGPJ,IDB2QVA5BO,NULL,73136897,最新のトレンドを反映したこの商品は、顧客ニーズにぴったり応える機能性を備えています。特に、使いやすさとデザイン性が高く評価されており、リピート購入が期待できる魅力的なアイテムです。営業活動においては、これらのポイントを強調し、顧客の心をつかむことが成功の鍵となります。,10,2022-05-08 12:58,2023-09-16 10:13,NULL
B7SQ1TIKLRGE,8MNXS50JH3,NULL,23248982,当社の新しいITソリューションは、流通業界における顧客ニーズに応えるために設計されており、競合分析を通じて優位性を確立しています。最近の法律・規制にも対応しており、コラボレーション機能が強化されているため、業務効率が向上します。今すぐ導入を検討して、競争力を一段と高めましょう。,4,2022-05-11 07:19,2022-05-23 23:14,NULL
XBFQA2KAKD8I,G3A6P3N4GM,NULL,73136897,この商品は、マーケティングの最前線を行くイノベーションを体現しており、提案書を活用することでクライアントに具体的な価値を提供します。営業の視点から見ると、競争力のある特徴を持ち、顧客ニーズに応じた柔軟なアプローチが可能です。,4,2022-05-14 08:32,2022-11-11 23:45,NULL
8K2DHE6PBSGL,EMO06QNXKX,NULL,36393300,この医療薬品は、厳格な法律・規制に基づいて製造されており、安全性と効果が保証されています。営業の観点からも、信頼性の高い商品として医療機関や薬局に自信を持って提案できるため、顧客のニーズに応える強力な武器となります。,1,2022-05-15 04:15,2023-12-25 12:53,2023-11-22 15:57
8K73AMFHIVZI,OB1GSH8AML,NULL,59233102,当社の新製品は、製造業の課題解決に特化した画期的なソリューションです。マーケティング戦略を強化し、効率的な営業活動をサポートすることで、顧客のニーズに応えることができます。これにより、売上向上が期待できるでしょう。,2,2022-05-19 13:44,2022-12-15 12:27,NULL
KT31M1958DMI,605S9NIHMN,NULL,77131648,当社の新しいITソリューションは、競合分析を通じて市場での優位性を確立し、最新の時事ネタを反映した機能を搭載しています。技術サポートも充実しており、プレゼンテーションの際に顧客に自信を持って提案できる製品です。,4,2022-05-20 05:31,2024-03-20 21:10,NULL
E9W8CLBZEUOW,F8SX7C1C9V,NULL,75830881,当社の新商品は、金融業界の時事ネタを反映し、部署間連携を強化することで生産性向上を実現します。顧客ニーズに基づいた提案書を活用し、効果的な営業戦略を展開できるため、競争力を高めることが可能です。,6,2022-05-20 20:53,NULL,NULL
PJ4RQ9D99522,22W47TXSZ0,NULL,27750243,この商品はコスト削減を実現し、企業の経済的負担を軽減します。また、イノベーションを促進する機能が搭載されており、競争力を高める提案書としても最適です。営業活動において、顧客のニーズに応じた具体的なメリットを強調することで、効果的なアプローチが可能です。,6,2022-05-23 11:51,2023-02-03 04:43,NULL
8YONO5O94YEW,Q0WOPM4JJW,NULL,43979678,当社の介護商品は、顧客満足度を最優先に考えた設計が特徴です。サプライチェーンの最適化により、迅速な納品が実現され、現場でのニーズに即応します。これにより、利用者と介護者双方に安心感を提供し、信頼されるパートナーとしての地位を確立しています。,2,2022-05-24 11:39,2023-03-28 18:56,NULL
LREF3759BLMA,SGZBTOFAVW,NULL,76432053,この商品は、優れた品質管理を基にした高性能で、流通の効率性も抜群です。課題解決に特化した機能が搭載されており、プレゼンテーションでも自信を持って提案できます。顧客のニーズに応える最適な選択肢です。,11,2022-05-26 17:00,2022-06-23 19:19,NULL
MVVP7TDJ86NH,2YNP7O7VVF,NULL,80989658,この商品は、教育・トレーニングに特化した機能を備えており、コスト削減にも寄与します。法律・規制に準拠した設計で安心して使用できるため、既存商品との差別化が図れます。営業活動において、顧客のニーズに応じた提案が可能です。,8,2022-05-27 16:36,2022-10-27 16:40,NULL
70XWFUSXRLHA,605S9NIHMN,NULL,43979678,当社の最新ITソリューションは、成功事例に基づいた実績を持ち、法律・規制にも完全に準拠しています。イノベーションを追求し、クライアントのニーズに応えることで、フォローアップも万全です。ぜひ、次のステップに進むお手伝いをさせてください。,7,2022-06-01 19:02,2023-08-10 04:45,NULL
NAXM5FROWXJM,P0PVKWMFWR,NULL,43979678,当社のIT薬品管理システムは、プロジェクトの効率を最大化し、サプライチェーンの透明性を確保します。リアルタイムでのデータ分析により、在庫の最適化や迅速な意思決定が可能になり、ビジネスの成長をサポートします。,0,2022-06-01 20:24,2022-11-27 00:26,NULL
T4KKIX7FGSXS,W2JWLI9PLD,NULL,80989658,最新のITトレンドを反映したこの商品は、部署間連携を強化し、業務効率を劇的に向上させることができます。課題解決に特化した機能を備えており、営業チームが迅速に顧客ニーズに対応できるため、成約率も向上します。ぜひ、導入をご検討ください。,7,2022-06-07 10:14,2022-09-21 14:35,NULL
8ECLYZ55HNUQ,6SGI8ZGM1S,NULL,36393300,この商品は、IT業界における交渉やプロジェクト管理に特化しており、顧客対応の効率を大幅に向上させます。リード獲得や競合分析機能も充実しており、イベントでの活用も容易です。顧客満足度を高めるためのツールとして、営業活動において欠かせない存在です。,4,2022-06-13 18:44,2024-08-22 11:19,NULL
6UI60JNHDYIQ,FZE9INV1KK,NULL,37112060,新商品はIT業界におけるプレゼンテーションの質を大幅に向上させます。顧客ニーズに応じたカスタマイズが可能で、チーム間のコラボレーションも円滑に進められます。この製品を導入することで、営業活動がより効果的に行えるでしょう。,10,2022-06-15 05:35,NULL,NULL
LM9QEX3QGDTO,0B2JY2H068,NULL,22527715,新商品は顧客ニーズを的確に捉え、サービスの質を向上させるための優れた選択肢です。技術サポートが充実しており、法律・規制にも準拠しているため、顧客満足度が高まります。提案書を活用することで、効果的な営業活動が可能になるでしょう。,4,2022-06-16 09:59,NULL,NULL
ITLRX0GGGK30,LZX0JLAH8X,NULL,93012133,当社の新薬は、顧客満足度を向上させる成功事例を多数生み出しています。最近のイベントでは、医療従事者とのコラボレーションを通じて、具体的な提案書をもとに効果的な営業戦略を展開しました。これにより、顧客からの信頼を獲得し、販売成績が飛躍的に向上しています。,5,2022-06-16 22:10,2024-08-21 11:27,NULL
ODIAJII1KG5Z,EHBMKJF7LM,NULL,94558255,この商品は、金融と介護の分野での部署間連携を強化し、マーケティングイベントでのイノベーションを促進します。営業活動において、顧客ニーズに応じた提案が可能になり、競争力を高めるための強力なツールです。,1,2022-06-24 17:48,2023-03-18 13:38,NULL
MQZ3W7MR0W1F,Q0WOPM4JJW,NULL,61655575,当社の医療機器は、競合他社と比較して卓越した技術サポートと品質管理を提供しています。患者の安全を最優先に考えた設計で、信頼性の高いパフォーマンスを実現。医療現場でのニーズに応えるため、常に進化し続ける商品です。,4,2022-06-25 21:02,NULL,NULL
09ZZB1ICIDE8,1PF787HVD9,NULL,77131648,新しい薬品「ヘルスガード」は、最新の研究に基づいて開発され、顧客ニーズに応える効果が期待できます。時事ネタとして、健康意識の高まりを背景に、法規制を遵守した安心安全な製品であることも強調できます。トレンドに乗った販売戦略で、リードを獲得しやすい商品です。,1,2022-06-27 07:11,NULL,NULL
EBWCG9U1UJM2,3UNFQKQ1QS,NULL,16516339,最新のIT技術を駆使した金融業界向けの薬品管理システムは、サプライチェーンの効率化を図るための最適なソリューションです。プレゼンテーションでの実績や時事ネタを活用し、トレンドを意識した提案を行うことで、顧客の信頼を獲得しやすくなります。,4,2022-07-01 13:55,2023-04-14 22:54,NULL
J7X6B5NKR062,FZE9INV1KK,NULL,77131648,この商品は、教育・トレーニングの面で革新をもたらし、顧客満足度を向上させるための強力なツールです。コラボレーション機能が充実しており、チーム全体での効率的な学習が実現できるため、営業活動においても大きな成果を期待できます。,4,2022-07-01 16:54,NULL,NULL
FJ9R0C5QDK4J,3XGSL3ERPT,NULL,16516339,最新のプロジェクト管理ツールは、部署間連携を強化し、チーム全体のコラボレーションを促進します。技術サポートも充実しており、リードの獲得に向けた営業活動を効率化。時事ネタやトレンドに敏感な機能が搭載されており、競争力を高めるのに最適です。,2,2022-07-02 20:59,NULL,NULL
GQM91RV0VDQN,EHBMKJF7LM,NULL,37112060,この商品は、IT医療分野におけるプレゼンテーションやフォローアップを効率化し、競合分析を通じて市場での優位性を確保します。さらに、コスト削減の効果も期待できるため、営業活動において非常に価値のあるツールです。,5,2022-07-02 23:59,2024-06-14 21:46,NULL
50VCLYTILP2E,HGF68IXOY4,NULL,64993416,当社の新商品は、流通の効率性を高める設計が施されており、顧客満足度を向上させることができます。時事ネタを取り入れたプレゼンテーションにより、競合他社との差別化が図れ、営業成績の向上が期待できます。ぜひこの機会にお試しください。,3,2022-07-03 09:41,NULL,NULL
ZGE218H705YE,47VGWN5RKU,NULL,76432053,当社の介護支援商品は、最新のトレンドを取り入れ、部署間連携を強化する設計がなされています。競合分析を基にした独自の特徴により、顧客満足度を高めることができ、法律・規制にも完全に準拠しています。また、サプライチェーンの効率化により生産性向上を実現し、介護現場のニーズに応える最適なソリューションを提供します。,6,2022-07-06 22:22,2023-08-07 22:21,NULL
PVT6ML3QZGFG,KJC0OZMC9P,NULL,88977777,当社の新しいタグ情報サービスは、金融や薬品業界の法律・規制を徹底分析し、失敗事例を基にした課題解決を提供します。このサービスを活用することで、リスクを最小限に抑え、業務効率を向上させることが可能です。信頼性の高いデータをもとに、安心してビジネスを展開できます。,5,2022-07-09 18:30,2022-12-29 11:25,NULL
4QXALO2B66D8,KJC0OZMC9P,NULL,92757274,当社の新商品は、部署間連携を強化し、効率的な情報共有を促進します。競合分析を基にした独自の機能を搭載し、提案書作成を簡素化することで、クライアントとのコラボレーションをスムーズに実現します。これにより、営業活動の生産性が飛躍的に向上します。,6,2022-07-12 01:30,NULL,NULL
2EFO6VES8A58,NDGKNPTNLK,NULL,71276044,この商品は、革新的なサービスを提供し、プロジェクトの効率を大幅に向上させます。特に、営業チームにとっては、顧客ニーズに迅速に応えるための強力なツールとなり、競争力を高めることができます。イノベーションを追求する企業に最適な選択です。,7,2022-07-13 15:18,2024-03-26 10:39,NULL
YZZQSKX9T9H3,95916MF0BS,NULL,05563425,新商品の介護関連商品は、既存商品と比較して顧客満足度が高く、特にプレゼンテーションの際にその利便性が際立ちます。競合分析を通じて、他社製品に対する優位性を強調し、フォローアップを行うことで、更なる信頼を築きましょう。,4,2022-07-14 21:58,2023-09-19 23:06,NULL
PGG97LVXC8QP,2809P8I08J,NULL,95265834,当社の新商品は、ITと流通の最新トレンドを反映し、部署間連携を強化する機能を備えています。法律・規制に準拠した品質管理が徹底されており、安心して導入できます。ビジネスの効率化を図り、競争力を高める最適な選択です。,5,2022-07-15 21:05,NULL,NULL
TFI8SPEULQO6,GZ8D27ZLIC,NULL,53405714,当社の新商品は、顧客対応を強化し、迅速なレスポンスを実現します。また、コスト削減にも寄与し、効率的な運用が可能です。法律・規制にも準拠しており、安全性と信頼性を兼ね備えた製品です。,5,2022-07-18 09:34,2024-04-15 08:38,NULL
9E7XDI7OYOBR,22W47TXSZ0,NULL,29372843,当社の製品は、製造業における効率性を高めるために設計されており、流通プロセスを最適化します。競合分析を通じて顧客ニーズを的確に把握し、部署間連携を強化することで、顧客満足度を向上させることが可能です。交渉の際には、これらの特徴を強調することで、より効果的な提案ができるでしょう。,2,2022-07-25 13:26,2022-12-10 07:33,NULL
9UVR9ZNLXATW,EMO06QNXKX,NULL,01919118,当社の新製品は、医療業界における流通の効率化を実現し、部署間連携を強化します。プレゼンテーション機能により、プロジェクトの進捗を視覚化し、技術サポートも充実しているため、生産性向上に直結します。これにより、医療現場での業務効率が飛躍的に向上します。,8,2022-07-27 19:30,2023-05-20 23:12,NULL
X3EZPWBOIQLO,FGDSVCL06J,NULL,92467274,この商品は、IT業界におけるリード獲得からクロージングまでのプロセスを効率化し、競合分析を通じて市場での優位性を確保します。課題解決に特化した機能を備え、サプライチェーンの最適化も実現。提案書作成が容易になるため、営業活動を大幅に強化できます。,3,2022-08-03 12:09,2023-05-09 00:16,NULL
JL2SILN6Y3BK,H1GE9OEZHN,NULL,36393300,この製品は製造業向けに特化した教育・トレーニングプログラムを提供しており、実践的なスキルを身につけることができます。イベントを通じて業界の最新トレンドを学べるため、営業チームにとって非常に価値ある投資です。顧客のニーズに応えるための強力なツールと言えるでしょう。,7,2022-08-08 00:58,2024-07-10 16:46,NULL
CVWE47L59014,SRN9S1XR4V,NULL,33819417,当社の新商品は、最新の法律・規制に準拠し、サプライチェーンの効率を大幅に向上させる設計です。顧客ニーズに応える機能を搭載しており、時事ネタとしても注目されています。ぜひこの機会にお試しください！,5,2022-08-08 08:11,2022-09-04 21:34,NULL
YIFUI5MA1E8R,QJQ74NXF0K,NULL,50360736,当社の新しい金融管理ソフトウェアは、部署間連携を強化し、サプライチェーン全体の可視化を実現します。これにより、リアルタイムでの情報共有が可能となり、業務効率が向上。ぜひこの機会に、御社の業務改善にお役立てください。,1,2022-08-16 20:57,2023-01-27 11:42,NULL
T8AY3W2K3CZY,7JBBIUF3QU,NULL,75830881,当社の商品は、流通の効率性を重視し、競合分析を通じて市場のニーズに応えています。顧客満足度も高く、リピート率が向上中。営業活動において、これらの強みを活かして新規顧客獲得を目指しましょう。,6,2022-08-19 00:51,2023-07-29 09:16,NULL
7YJSA4VJHXJD,T3H67ZNK3A,NULL,23248982,当社の新商品は、最新の時事ネタを反映したトレンドを取り入れ、競合分析を基にした独自の機能を搭載しています。顧客満足度も高く、リピート率の向上が期待できるため、営業活動において強力な武器となるでしょう。プロジェクトの一環として、ぜひご検討ください。,3,2022-08-19 06:25,NULL,NULL
BJ9Q7SHWHMO5,VKYK4RZHOX,NULL,37112060,この商品は製造業や流通、介護分野において、品質管理の効率を大幅に向上させるツールです。教育・トレーニング機能も充実しており、スタッフのスキルアップを図ることができます。クロージングの際には、これらの利点を強調し、顧客のニーズに応じた提案が効果的です。,3,2022-08-21 14:42,2023-01-06 01:02,NULL
X5C3R3198GBM,GZ8D27ZLIC,NULL,33819417,最新の医療介護イノベーション商品は、生産性向上に寄与する画期的な機能を備えています。効率的な業務プロセスを実現し、スタッフの負担を軽減することで、より質の高いケアを提供可能にします。この商品は、現場のニーズに応える最適なソリューションです。,2,2022-08-22 15:38,2024-05-14 05:23,NULL
FNI6DACBMAEK,DE020WWO3X,NULL,49780674,この商品は、営業チームの生産性向上に大きく寄与します。プレゼンテーションの質が向上し、顧客との交渉もスムーズに進むため、顧客満足度が飛躍的に向上します。結果として、売上の増加が期待できる優れたツールです。,2,2022-08-23 07:57,NULL,NULL
2DOJU56452NS,NZI17482TU,NULL,04125772,最新のトレンドを反映したこの商品は、顧客ニーズに応えるだけでなく、サプライチェーンの効率性も高めています。品質管理が徹底されており、他社とのコラボレーションによって独自の価値を提供。今すぐお試しいただき、競争力を強化しましょう！,5,2022-08-23 09:14,2022-09-04 14:57,2024-04-20 04:13
YHX0CSOFF68F,0T9YTA9E3C,NULL,29372843,この商品は、製造業における最新のトレンドを反映し、教育・トレーニングのニーズを満たすために設計されています。法律・規制に準拠しつつ、イノベーションを促進する機能が備わっており、業界の競争力を高めるための強力なツールです。営業チームにとって、顧客への提案が一層スムーズになること間違いなしです。,7,2022-08-24 03:49,2024-03-03 15:38,NULL
F9I4S62CPSOU,FGDSVCL06J,NULL,01919118,当社の金融商品は、競合他社と比較して優れた利率と柔軟な運用プランを提供しています。特に、顧客のニーズに応じたカスタマイズが可能な点が強みです。競合分析を通じて、私たちのサービスがいかに顧客満足度を向上させるかを実証し、営業活動に活かしています。,7,2022-08-25 04:27,2022-12-12 01:09,NULL
AVP8R7ZAIYGV,W2JWLI9PLD,NULL,64993416,当社の医療製品は、顧客満足度を最優先に考え、マーケティング戦略を通じて効果的なクロージングを実現しています。具体的なデータと成功事例を活用し、信頼性の高い商品を提供することで、医療現場でのニーズに応えています。,3,2022-08-26 16:00,NULL,NULL
AWPBYIKZU2IZ,AFM30TRIXQ,NULL,88922696,当社の新薬は、流通の効率化を実現し、顧客対応の迅速化に寄与します。成功事例として、多くの医療機関での導入実績があり、課題解決に向けたイノベーションを提供。フォローアップ体制も整っており、信頼性の高いパートナーとして選ばれています。,6,2022-08-27 02:16,2023-10-24 17:54,NULL
T73HQYATK7TO,95916MF0BS,NULL,22527715,当社の新しいIT医療ソリューションは、流通プロセスを最適化し、品質管理を強化します。顧客ニーズに応じたカスタマイズが可能で、業界の変化にも柔軟に対応。信頼性の高いパートナーとして、貴社の業務効率を向上させること間違いなしです。,6,2022-08-28 08:01,2022-09-01 14:38,NULL
1UEORO0B111R,2BQN5S015F,NULL,43175792,当社の新しい介護支援システムは、部署間連携を強化し、顧客ニーズに応じたサービスを提供します。これにより顧客満足度が向上し、円滑なコラボレーションを実現します。営業チームとして、この革新的な商品をぜひお勧めします！,10,2022-08-28 09:47,2023-05-10 19:14,NULL
F9NM2CVXZX4Q,LPG19DRL6X,NULL,00975148,当社の新しい金融ソリューションは、部署間連携を強化し、プロジェクト管理を効率化することで、顧客満足度を向上させます。競合分析を通じてコスト削減を実現し、サプライチェーンの最適化と品質管理にも貢献します。これにより、ビジネス全体のパフォーマンスを向上させることが可能です。,9,2022-08-28 11:12,2024-01-31 02:34,NULL
LR29BL4LGQ4N,2BQN5S015F,NULL,01919118,当社の製品は、製造業や薬品業界に特化した教育・トレーニングプログラムを提供し、品質管理の向上を図ります。顧客ニーズに基づいたカスタマイズが可能で、実践的なスキルを身につけることで業務効率が大幅に向上します。信頼性の高いサポートを通じて、貴社の成長をサポートします。,2,2022-08-28 17:31,2024-08-30 04:19,NULL
417NLJGD2Q3X,GZ8D27ZLIC,NULL,78555463,このIT薬品は、業界内での成功事例が豊富で、効率的な営業活動をサポートします。特にデータ分析機能が優れており、顧客ニーズを的確に把握できるため、成約率が向上します。営業チームにとって、強力な武器となること間違いなしです。,3,2022-08-30 20:44,2022-11-27 00:15,NULL
ODE2MNRP6MRF,90Q9VYRVSK,NULL,50360736,この商品は、IT業界に特化したプレゼンテーションツールで、成功事例を豊富に取り入れており、フォローアップ機能も充実しています。マーケティング戦略を強化し、顧客との関係構築に役立つため、営業活動において非常に効果的です。,2,2022-08-31 22:31,NULL,NULL
LW3W0ZMF3QL6,7GJOXNES7Z,NULL,53405714,この商品は、既存商品としての信頼性を持ちながら、最新のトレンドを取り入れたイノベーションが光ります。成功事例も豊富で、顧客満足度が高く、競合分析を行った結果、品質管理が徹底されているため、クロージングもスムーズです。営業活動において、自信を持ってお勧めできる一品です。,4,2022-09-01 10:45,2022-09-28 19:35,NULL
GFD9E9DW8KC3,1G1U3KXOEJ,NULL,72415063,新商品「エコフレンドリーボトル」は、競合製品と比較して優れた耐久性とデザイン性を兼ね備えています。プロジェクトチームの努力により、環境への配慮も徹底されており、顧客のニーズに応える理想的な商品です。営業活動において、これらのポイントを強調することで、顧客の関心を引くことができます。,2,2022-09-14 23:53,2022-09-26 15:20,NULL
5OW44W9HKWE6,949Z0H3KLR,NULL,36393300,当社の介護関連商品は、法律・規制を遵守しつつ、品質管理を徹底しています。顧客満足度を高めるために、イベントでのデモを通じて提案書を活用し、具体的なニーズに応えることが可能です。信頼性のあるサービスを提供し、介護現場の効率化をサポートします。,2,2022-09-16 20:07,2023-05-31 00:19,NULL
ZF27F7MLUQDV,7GJOXNES7Z,NULL,75830881,最新のIT介護ソリューションは、業界のトレンドを反映し、効率的なプレゼンテーションを可能にします。失敗事例を分析し、リード獲得に役立つ提案書を活用することで、競争力を高めることができます。今こそ、革新的なアプローチで市場にアプローチしましょう。,8,2022-09-17 08:21,2024-03-29 23:14,NULL
7CG64N2VYJ29,CEDDHWC59U,NULL,29372843,私たちのIT薬品ソリューションは、プロジェクトの効率を飛躍的に向上させ、顧客満足度を高めることができます。データ管理や分析が簡単になり、迅速な意思決定をサポート。ぜひ一度お試しください！,5,2022-09-19 10:22,2023-02-03 00:25,NULL
BLNWAJCZGEMY,Q0WOPM4JJW,NULL,93852109,当社の商品は、競合分析を通じて市場での優位性を確立し、教育・トレーニングを通じて顧客の理解を深めます。法律・規制を遵守しつつ、サプライチェーンの効率化を図ることで、顧客満足度を高めることができます。これにより、信頼性の高いビジネスパートナーとしての地位を強化します。,9,2022-09-20 05:35,2023-11-04 11:03,NULL
KQI0C0S7TTHF,DE020WWO3X,NULL,93012133,この薬品は、顧客ニーズに基づいて開発されており、流通の効率性を最大限に活かしています。交渉の際には、他社製品と比較して優れた効果を強調できるため、営業トークが非常にスムーズです。顧客の信頼を得るための強力な武器となるでしょう。,5,2022-09-20 13:27,2022-10-15 13:37,NULL
MRB8392C7E6V,LYK5RZ5JJW,NULL,00975148,この商品は、ITと医療、介護の分野での顧客ニーズに応えるために設計されており、教育・トレーニングやイベントでの活用にも最適です。マーケティング戦略を強化し、コラボレーションを促進する機能が充実しているため、営業活動を効率的にサポートします。,3,2022-09-20 22:05,2023-06-26 11:48,NULL
XK1KMFN6Q1AL,7GJOXNES7Z,NULL,68785531,私たちの新しい金融サービスは、薬品業界向けに特化した資金調達ソリューションを提供します。時事ネタに基づいたマーケティング戦略で、サプライチェーンの効率を向上させるイノベーションを実現。これにより、業界の変化に迅速に対応できる体制を整えます。,6,2022-09-29 18:43,NULL,NULL
0LXXM953KRQI,M8SMLGUTSE,NULL,77131648,この商品は、製造業や医療、金融、流通、薬品分野でのプロジェクト管理を強化し、失敗事例を分析することでリスクを軽減します。フォローアップ機能により、リードの進捗を追跡し、効率的な営業活動をサポートします。信頼性の高いツールで、業界を問わず成果を上げることが期待できます。,6,2022-10-01 01:04,2023-05-07 11:13,NULL
N2AQX26A6JZ3,WK09AB9UNP,NULL,98263623,私たちの新商品は、流通の効率を大幅に向上させる技術を搭載しており、競合分析を通じて市場のニーズに応えています。最近のイベントでのデモでは、実際の失敗事例から学んだ改善点を活かし、交渉の際の説得力も高まっています。技術サポートも充実しており、導入後の安心感を提供します。,6,2022-10-01 08:59,NULL,NULL
48JNYUTVGPIH,90Q9VYRVSK,NULL,72415063,この教育・トレーニングプロジェクトは、営業チームのスキル向上に最適です。実践的なプレゼンテーション技術を学ぶことで、顧客との信頼関係を築きやすくなり、成約率の向上が期待できます。お客様のニーズに応じたアプローチが可能になるため、競争優位性を持つことができます。,0,2022-10-01 21:09,2023-12-10 07:12,NULL
MR2RF9ZKXNVX,7JBBIUF3QU,NULL,88977777,当社の新商品は、時事ネタとして注目されるサプライチェーンの課題を解決するために開発されました。効率的なコラボレーションを促進し、業界内での競争力を高めることができます。今すぐ導入して、ビジネスの成長を実現しましょう！,1,2022-10-04 18:47,NULL,NULL
3PR1QM7PH50R,OB1GSH8AML,NULL,33819417,当社の金融プレゼンテーションツールは、成功事例を豊富に取り入れており、イベントでのアピール力を格段に向上させます。さらに、技術サポートが充実しているため、導入後も安心してご利用いただけます。営業活動を強力にサポートするこの商品をぜひご検討ください。,0,2022-10-05 02:58,2023-08-21 11:57,NULL
3D8BFBIZ3VFD,CEDDHWC59U,NULL,93852109,新商品は、薬品業界における生産性向上を実現する画期的なソリューションです。プレゼンテーションやフォローアップを通じて、マーケティングイベントでの提案書を活用し、顧客のニーズに応じた効果的な営業戦略を展開できます。この商品は、業務効率を高めるだけでなく、顧客満足度の向上にも寄与します。,8,2022-10-06 02:45,NULL,NULL
I2C7Z9LMKVH2,BAZ0PHOGRC,NULL,94558255,この商品は介護現場でのコスト削減を実現するために特化したプロジェクト管理ツールです。技術サポートも充実しており、導入後のサポート体制が整っているため、安心して利用できます。効率的な運営を目指す方に最適な選択肢です。,10,2022-10-06 16:00,2022-12-22 10:48,NULL
VQSRBBQAR4D0,LYK5RZ5JJW,NULL,68785531,この商品は、薬品業界の最新の時事ネタを反映し、失敗事例を分析することで生産性向上に寄与します。営業の視点から見ると、競合との差別化が図れ、顧客の信頼を得やすい点が大きな魅力です。ぜひ導入を検討してみてください。,5,2022-10-06 23:23,NULL,NULL
QV71WF40SFZM,NU212I8EAW,NULL,27750243,当社の医療機器は、製造業のニーズに応える高い品質と信頼性を誇ります。最近のサプライチェーンの課題を克服するため、迅速な交渉と納品体制を整えています。時事ネタとしても注目されるこの商品は、医療現場での効率化に寄与すること間違いありません。,8,2022-10-09 12:27,NULL,NULL
ICNEKWDD8O8K,NZI17482TU,NULL,36393300,この商品は介護業界のトレンドを捉えた優れた選択肢です。競合分析を行った結果、顧客対応に優れた点が際立っており、交渉の際も柔軟な提案が可能です。営業においては、顧客ニーズに基づいたアプローチが成功の鍵となります。,4,2022-10-10 22:13,2024-06-20 02:35,NULL
OC64XORMDNEN,KJC0OZMC9P,NULL,50360736,この商品は、最新のトレンドを反映したイノベーションを取り入れた教育・トレーニングツールです。技術サポートも充実しており、顧客のニーズに応じた柔軟な対応が可能です。営業チームにとって、顧客への提案がしやすく、信頼性の高い商品です。,3,2022-10-14 14:02,2024-05-11 01:24,NULL
NLN0PMT4ECHY,GZ8D27ZLIC,NULL,42908251,新商品は、コスト削減を実現する革新的なサービスを提供します。プレゼンテーションも洗練されており、リード獲得に最適なツールです。営業活動を効率化し、顧客満足度を向上させることができるため、ぜひお試しください。,4,2022-10-14 21:32,2024-01-27 13:11,NULL
LQRX83CK5T67,NDGKNPTNLK,NULL,49780674,最新の医療トレンドを反映した当社の新商品は、失敗事例を踏まえた革新的なアプローチで開発されました。イベントでのデモンストレーションを通じて、その効果を実感できる機会を提供し、リード獲得につなげる提案書もご用意しています。ぜひご検討ください。,8,2022-10-17 11:34,NULL,NULL
8FCPGPFVXVZY,AFM30TRIXQ,NULL,04125772,当社の医療薬品は、プロジェクト管理の失敗事例を分析し、リードタイムを短縮することで生産性向上を実現しました。これにより、患者さんへの迅速な対応が可能となり、医療現場での信頼性が向上します。ぜひご検討ください。,3,2022-10-20 20:27,2024-06-21 00:18,NULL
HHW0R2LX9AKY,AV62989B5M,NULL,43979678,このITサービスは、最新のトレンドを取り入れた革新的なソリューションであり、生産性向上に寄与します。コラボレーション機能が強化されており、チーム全体のフォローアップを効率化し、営業活動をスムーズに進めることが可能です。,1,2022-10-21 23:40,2024-04-19 21:06,NULL
SK9LH3RIUA0N,NDGKNPTNLK,NULL,00975148,この薬品は、プレゼンテーションの際に顧客の関心を引くポイントが豊富で、交渉をスムーズに進めるための強力なツールです。顧客満足度も高く、実績が証明する信頼性があります。営業の現場での効果を実感できる商品です。,8,2022-10-24 12:05,2023-08-23 14:02,NULL
W86C1Q8UAVKI,2YNP7O7VVF,NULL,37112060,当社の最新商品は、ITと医療の融合を実現し、フォローアップを効率化します。法律・規制に準拠した技術サポートを提供し、品質管理も徹底。業界のニーズに応える信頼性の高いソリューションです。,16,2022-10-24 17:19,NULL,NULL
5D8V1O08JGJB,BVVGZYLMT1,NULL,16516339,この商品は、営業チームにとって非常に価値のあるツールです。プレゼンテーション機能により、効果的な提案が可能になり、部署間連携がスムーズに進むことでプロジェクトの進行が加速します。また、品質管理の要素が組み込まれているため、顧客満足度を高めることができる点も魅力です。,2,2022-10-26 23:35,2024-07-24 20:53,NULL
GY4V6QEN3XNT,P66C5GMFVZ,NULL,75830881,当社の新薬品は、厳格な法律・規制を遵守しつつ、高い品質管理を実現しています。既存商品と比較して生産性向上を図るための課題解決に特化しており、業界のニーズに応える革新的なサービスを提供します。ぜひお試しください！,10,2022-10-28 01:48,2023-12-31 18:58,NULL
L8FWEL22QXFU,H1GE9OEZHN,NULL,49780674,新商品は、顧客対応やフォローアップの面で非常に優れたパフォーマンスを発揮します。特に、教育・トレーニングを通じて顧客満足度を高めることができるため、イベントでのプレゼンテーションでも好評です。信頼性の高い薬品として、顧客からの評価も非常に高いです。,4,2022-10-29 10:31,2024-08-18 13:14,NULL
JAXUX5P2WN92,Q0WOPM4JJW,NULL,44113628,この商品は、金融業界に特化したプレゼンテーションツールであり、成功事例を活用したフォローアップ機能が充実しています。競合分析を通じて生産性向上を実現し、時事ネタを取り入れることで、クライアントへの提案力が格段にアップします。営業活動を効率化し、成果を最大化するための必須アイテムです。,3,2022-11-03 11:13,NULL,NULL
7E82XYQLCAIG,G033Q1QI0Z,NULL,33819417,最新の製造業向けトレンドを反映したこのタグ情報サービスは、効率的な在庫管理や生産プロセスの最適化に大いに役立ちます。営業視点から見ると、顧客のニーズに応じたデータ分析が可能で、競争力を高める強力なツールです。今すぐ導入して、業務の生産性を飛躍的に向上させましょう！,1,2022-11-04 07:10,2023-05-31 01:42,NULL
Z9CL5R255WW8,605S9NIHMN,NULL,43979678,当社の新しいITソリューションは、流通業界の課題解決に特化しており、法律・規制の遵守をサポートします。生産性向上を実現し、顧客ニーズに応じたプレゼンテーションが可能です。イベントでのデモも好評で、多くの企業から高い評価を得ています。,7,2022-11-09 06:52,2024-07-13 01:52,NULL
32X94KV88GGF,P8N7DNRO5Y,NULL,29372843,当社の新薬品は、流通の効率性を高め、教育・トレーニングプログラムを通じて顧客満足度を向上させることを目指しています。また、法律・規制に完全準拠しているため、安心してご利用いただけます。これにより、営業活動の信頼性が増し、顧客との関係構築が一層スムーズになります。,7,2022-11-14 04:42,2023-10-01 14:12,NULL
5JLTQZSXZMGW,BNJBT7LP9E,NULL,29372843,この商品は、最新のトレンドを反映したデザインと機能性を兼ね備えており、顧客対応も迅速で満足度が高いです。流通網が整備されているため、競合他社と比較しても優位性があります。成功事例として、あるコラボレーションを通じて市場シェアを拡大した実績もあり、営業活動において強力な武器となります。,4,2022-11-16 06:58,NULL,NULL
34VL3RFAWIIR,LPG19DRL6X,NULL,43979678,当社の商品は、競合分析を基に顧客ニーズに応える特長を持っています。最近のイベントでのフィードバックを反映し、使いやすさと機能性を強化しました。これにより、競争力のある価格で高い満足度を提供し、顧客の期待を超える製品となっています。,0,2022-11-20 21:25,2024-05-02 05:02,NULL
S7YLI2PZZREY,G4J90885G4,NULL,56361306,当社の新商品は、プロジェクト管理を効率化し、コスト削減を実現する優れた機能を備えています。高い品質管理基準をクリアしており、信頼性のある成果を提供します。これにより、顧客のビジネスを一層強化することができます。,6,2022-11-20 23:52,2024-01-07 04:37,NULL
JYOVBEY6807M,GGDTWZNYIC,NULL,53405714,当社の新商品は、顧客満足度を高めるために、法律・規制に準拠した品質管理を徹底しています。また、サプライチェーンの最適化を図り、交渉時の失敗事例を分析して提案書を改善しました。コラボレーションを通じて、より効果的な営業戦略を実現しています。,0,2022-11-21 01:27,NULL,NULL
F4EJO9Y7RZ53,3XGSL3ERPT,NULL,94558255,当社の介護向け商品は、プレゼンテーションやプロジェクト管理に特化した機能を備えており、マーケティング戦略の一環として課題解決をサポートします。サプライチェーンの効率化を図ることで、提案書作成もスムーズに行え、顧客への信頼感を高めることができます。,4,2022-11-22 14:06,NULL,NULL
M3A1XHRICB9A,949Z0H3KLR,NULL,53405714,この商品は、ITと医療、金融の融合を実現し、マーケティング戦略を強化します。顧客満足度を向上させるためのイノベーションを提供し、生産性を飛躍的に向上させることが可能です。営業チームにとって、必携のツールとなるでしょう。,6,2022-11-23 13:50,2024-03-06 16:25,NULL
I4K7NW6ZF5OS,P8N7DNRO5Y,NULL,77131648,当社の商品は、流通の効率性を追求し、競合分析を通じて市場での優位性を確立しています。品質管理の徹底により、顧客満足度を高め、フォローアップを行うことで長期的な関係構築を実現。交渉においても柔軟な対応が可能で、ニーズに合った提案を行います。,3,2022-11-25 16:46,2023-01-31 13:46,NULL
G3CIU2MX45Z8,SGI0Y3UI73,NULL,44113628,この商品は、イベントでの成功事例を基に開発されており、サプライチェーンの効率化を実現します。生産性向上に寄与する機能が満載で、営業活動の強力なサポートとなるでしょう。ぜひご検討ください！,5,2022-11-27 08:26,2023-11-25 01:23,2023-06-19 00:21
DZSU215QW929,7RM5SKJIBV,NULL,53405714,この金融商品は、顧客対応が非常に優れており、迅速かつ丁寧なサポートが魅力です。競合分析を行った結果、他社製品に比べて利便性が高く、顧客満足度も向上しています。ぜひ、営業活動に取り入れて、顧客に自信を持って提案したい一品です。,2,2022-11-30 11:23,2023-05-23 01:14,NULL
2P622TH89S45,HU1LUCYO06,NULL,00975148,当社の新商品は、顧客満足度を向上させるために設計されており、イベントでの使用にも最適です。品質管理が徹底されているため、安心してご利用いただけ、コスト削減にも貢献します。ぜひこの機会にお試しください！,3,2022-12-01 18:53,NULL,NULL
QHZLT66MNY0O,0B2JY2H068,NULL,04125772,この商品は、IT業界や製造業、金融、流通分野におけるプロジェクトの失敗事例を分析し、生産性向上に貢献します。営業チームが具体的なデータを基に提案できるため、顧客の信頼を得やすく、成約率の向上が期待できます。,3,2022-12-05 14:14,2024-06-11 06:16,NULL
O7BE8UQPZ0QH,95916MF0BS,NULL,78555463,この商品は、金融業界に特化した交渉スキルを磨くための優れたツールです。時事ネタを取り入れたマーケティング戦略により、クライアントとのクロージング率が向上します。営業の現場での実践に役立つ内容が満載です。,1,2022-12-12 08:41,2023-09-19 03:20,NULL
G6M1D3C9YPF4,SRN9S1XR4V,NULL,88922696,当社の新サービスは、顧客ニーズに応じたカスタマイズが可能で、法律・規制にも完全準拠しています。これにより、サプライチェーンの効率化を図り、コスト削減を実現します。提案書を通じて具体的なメリットを明示し、クライアントにとっての価値を最大化します。,2,2022-12-14 08:36,NULL,NULL
AXQ50XCE4AVB,4IC88G95NO,NULL,80989658,この商品は、営業チームにとっての強力なパートナーです。課題解決に特化した機能により、顧客のニーズに迅速に対応でき、技術サポートも充実しているため、安心して提案できます。また、コラボレーション機能が強化されているため、チーム全体での情報共有がスムーズに行え、営業活動の効率が大幅に向上します。,4,2022-12-16 11:30,2024-05-14 11:19,NULL
FOZMVLO9BBF2,S3U0MJB7KK,NULL,59233102,私たちの新しい薬品は、介護現場での課題解決に特化しており、生産性向上を実現します。使いやすさと効果の高さが評価されており、プロジェクトの成功をサポートします。ぜひ、導入をご検討ください。,3,2022-12-17 17:51,2023-04-08 05:04,NULL
C76UCKIM8CFW,S3U0MJB7KK,NULL,23248982,この商品は、流通業界に特化した営業支援ツールで、効率的な交渉をサポートします。教育・トレーニング機能も充実しており、新人営業マンのスキル向上に最適です。実践的なノウハウが詰まっており、売上向上に直結すること間違いなしです。,3,2022-12-17 20:28,2023-01-24 21:05,NULL
PUGOUL27R1ND,QB5VHY9IQR,NULL,98263623,新商品は、最新の技術を駆使し、生産性向上を実現する優れたソリューションです。時事ネタに基づいた提案書を用意し、具体的な導入効果を示すことで、クライアントのニーズに応える強力な営業ツールとなります。技術サポートも充実しており、安心して導入できる点が大きな魅力です。,3,2022-12-19 02:58,2024-07-04 04:33,NULL
LWU70WV4O208,OB1GSH8AML,NULL,36393300,この商品は、最新のトレンドを反映した優れたプレゼンテーションツールであり、交渉を成功に導くための強力なサポートを提供します。教育・トレーニングに最適で、技術サポートも充実しているため、営業チームのパフォーマンス向上に貢献します。成功事例も豊富で、導入後の効果を実感できるでしょう。,3,2022-12-19 10:42,2023-10-11 18:56,NULL
B1BWELCKNREI,TZHCJSEL0G,NULL,59233102,新商品として登場した介護用製品は、既存商品と比較して顧客満足度が向上しており、特に部署間連携がスムーズになった点が評価されています。失敗事例を踏まえたプレゼンテーションが効果的で、イベントでの実演が好評でした。この製品は製造業のニーズにも応え、業界全体の改善に寄与する可能性があります。,2,2022-12-20 15:03,NULL,2024-07-16 04:25
GY7FS6MTG750,605S9NIHMN,NULL,33648077,当社の新しい医療機器は、最新のトレンドを取り入れた設計で、現場の課題を的確に解決します。使いやすさと高い効果を兼ね備え、医療従事者の負担を軽減し、患者様の満足度向上に寄与します。ぜひこの機会にご検討ください。,2,2022-12-22 12:48,NULL,NULL
8Z505ZDBUMTR,OB1GSH8AML,NULL,75830881,新商品として登場した介護用品は、顧客満足度が非常に高く、成功事例も多数あります。プレゼンテーションを通じてその機能性や利便性を伝えることで、営業成績が向上しました。この商品は、介護現場でのニーズを的確に捉えており、ぜひご検討いただきたい一品です。,1,2022-12-27 01:44,2023-09-18 14:21,NULL
D5B7IBVM8JFH,W2JWLI9PLD,NULL,49780674,当社の製品は、製造業のプロジェクトにおける課題解決に特化しており、顧客ニーズを的確に把握することで顧客満足度を向上させます。生産性向上を実現するこのソリューションは、クロージングをスムーズに進めるための強力なツールです。,5,2022-12-28 14:30,NULL,NULL
JT2UPHZ81AJV,BN47KP5DYK,NULL,04125772,当社の介護支援ツールは、最新の法律・規制に準拠しており、教育・トレーニングを通じてスタッフのスキル向上をサポートします。時事ネタを反映した機能が搭載されており、現場のニーズに迅速に対応できるため、安心してご利用いただけます。,6,2022-12-28 23:56,2024-01-20 09:18,NULL
YFQRGM9E4Q7I,P0PVKWMFWR,NULL,95265834,この薬品は、効果が高く、迅速な結果を提供することで顧客満足度を向上させます。さらに、サポートサービスが充実しており、導入後のフォローアップも万全です。営業において、この商品の信頼性とサポート体制を強調することで、顧客の安心感を得られます。,4,2022-12-29 14:27,NULL,NULL
ZN8QK6IVTUIU,SJY28960RT,NULL,71276044,当社の新商品は、成功事例をもとにしたマーケティング戦略を駆使し、顧客満足度を大幅に向上させました。イベントを通じて直接顧客の声を反映し、サプライチェーンの最適化により迅速な納品を実現。これにより、リピーターの増加が期待できます。,3,2022-12-30 21:34,NULL,NULL
M9KX2YUCHVYM,7GJOXNES7Z,NULL,29372843,この商品は、顧客の課題解決に特化した優れた機能を備えており、技術サポートも充実しています。営業の立場から見ても、迅速な対応と明確なQ&Aが顧客の信頼を高め、成約率を向上させる要素となっています。ぜひお試しください！,12,2023-01-02 08:25,NULL,NULL
AZHS7O9D2JV3,JWI5KKZTHH,NULL,88922696,新商品は最新のITトレンドを取り入れたサービスで、競合分析を基に独自の強みを打ち出しています。イベントでのフォローアップが充実しており、顧客との関係構築に最適です。営業チームにとって、競争力を高める大きな武器となるでしょう。,5,2023-01-03 20:13,2024-02-25 02:20,NULL
GIA9W6O7UJV2,FZE9INV1KK,NULL,95265834,当社の新商品は、金融業界と介護分野を融合させた革新的なソリューションです。競合分析を徹底し、他社とのコラボレーションを通じて、交渉の効率を大幅に向上させる機能を搭載。営業チームにとって、顧客ニーズに応える強力な武器となるでしょう。,5,2023-01-04 01:25,NULL,NULL
8GKS9K0KNZZX,Q0WOPM4JJW,JAXUX5P2WN92,59233102,新商品と既存商品を組み合わせた医療用薬品の営業は、部署間連携による課題解決が鍵です。品質管理が徹底されているため、信頼性が高く、イベントでのデモも効果的に活用できます。お客様のニーズに応じた提案が成功のポイントです。,3,2023-01-04 10:04,2023-02-15 11:30,NULL
GLVCN319Z0SA,ZYY0BEKQK6,NULL,68785531,当社の新薬品は、最新の時事ネタに基づいた課題解決を実現し、顧客満足度を向上させることに成功しました。プロジェクト管理においても、サプライチェーンを最適化し、リードタイムを短縮することで、迅速な提供が可能です。信頼性の高い製品で、業界のニーズに応えるパートナーとして最適です。,5,2023-01-05 17:12,NULL,NULL
DISL3EFTIDMS,W2JWLI9PLD,NULL,44113628,私たちの新商品は、最新のトレンドを反映し、顧客ニーズに応える設計が施されています。サプライチェーンの効率化を図ることで、迅速な納品が可能となり、提案書を通じて具体的なメリットをお伝えします。営業の視点から見ても、競争力のある商品です。,1,2023-01-07 03:31,NULL,NULL
7OVD0AMRVW65,2809P8I08J,NULL,16516339,私たちの新商品は、トレンドを反映したデザインと機能性を兼ね備えており、競合分析を基にした差別化ポイントが明確です。課題解決に特化した機能によりコスト削減が可能で、サプライチェーンの効率化も実現します。マーケティング戦略においても優れた効果を発揮し、プロジェクトの成功をサポートします。,5,2023-01-17 00:09,2023-06-04 22:42,NULL
BI39HPSBSEEY,90Q9VYRVSK,48JNYUTVGPIH,68785531,私たちの新しい医療機器は、製造業における生産性向上を実現します。顧客対応の迅速さと高い交渉力を活かし、リードを確実に獲得できるため、業界内での競争力を大幅に向上させることができます。,3,2023-01-21 05:50,NULL,NULL
ZED06DHYVMJM,ELONGGRVW6,NULL,36393300,新商品の登場は、トレンドを先取りする絶好のチャンスです。品質管理が徹底されたこの商品は、イベントでの注目を集めること間違いなし。営業の視点から見ても、顧客のニーズにしっかり応える商品です。,4,2023-01-22 20:39,NULL,NULL
CG30QM12I14V,G3A6P3N4GM,NULL,00975148,最新のトレンドを反映した当社の製品は、製造業に特化した高品質なサービスを提供します。時事ネタを活用したプロジェクトで、業界のニーズに応えることで競争力を高め、顧客満足度を向上させることが可能です。ぜひこの機会にご検討ください。,3,2023-01-25 13:09,NULL,NULL
VTPXY5O6H1HD,DTT0HA4RYE,NULL,05563425,この商品は、製造業や医療分野において求められる高い品質管理を実現します。法律・規制に準拠した設計により、競合他社と比較しても優位性を持っています。プロジェクトの進行においても、迅速なクロージングが可能で、顧客のニーズに応えるサービスが魅力です。,7,2023-01-30 23:02,NULL,NULL
FXPDK62GLM13,FUFUUGO1YZ,NULL,59233102,当社の新薬は、流通の効率化を実現し、顧客満足度を大幅に向上させました。成功事例として、導入した医療機関では患者の待ち時間が短縮され、クロージング率も上昇。信頼性の高い製品として、多くの医療従事者から高評価を得ています。,6,2023-02-03 04:13,2024-08-16 18:57,NULL
NCZR3JF406Q1,UEERLUHS6Q,NULL,50360736,当社の薬品は、厳しい法律・規制を遵守しながら開発されており、数多くの成功事例が報告されています。信頼性の高い製品を提供することで、顧客のニーズに応え、安心して使用できる環境を整えています。営業活動においては、これらの実績を強調することで、さらなる信頼を築くことが可能です。,3,2023-02-03 16:50,NULL,NULL
WEHQEJ5ANJT5,U0KYFBV46I,NULL,97823141,この商品は、生産性向上を実現するための優れたツールです。コラボレーション機能が充実しており、チームメンバーとの連携がスムーズに行えます。業務効率が格段にアップし、成果を最大化できる点が大変魅力的です。,5,2023-02-05 22:53,2023-02-25 06:17,NULL
WKEU9H4TBENO,FUFUUGO1YZ,NULL,93852109,私たちの製品は、製造業における部署間連携を強化し、プロジェクトの効率を最大化します。サプライチェーン全体での透明性を向上させ、品質管理を徹底することで、信頼性の高い成果を実現します。ぜひご検討ください！,2,2023-02-13 03:17,2023-05-11 22:45,NULL
FME5G7KC4DG5,22W47TXSZ0,NULL,64993416,この商品は競合分析においても優れたパフォーマンスを発揮しており、顧客満足度も高いことが特徴です。営業の視点から見ると、明確な差別化ポイントがあり、提案しやすい製品です。顧客のニーズに応える機能が充実しているため、成約率向上に貢献します。,2,2023-02-14 14:37,2023-04-15 07:49,NULL
9FO6SVBFWC01,WM06T7O5HU,NULL,80989658,この商品は医療分野でのプレゼンテーションに特化しており、最新のトレンドを取り入れています。イベントでの使用に最適で、視覚的に訴えることで生産性向上を実現します。営業活動において、顧客の関心を引く強力なツールとなるでしょう。,6,2023-02-15 11:48,NULL,NULL
WUN44Q3F64YA,0B2JY2H068,NULL,71276044,当社の医療機器は、最新のイノベーションを取り入れ、競合他社の失敗事例を分析した上で設計されています。プレゼンテーションでは、具体的な課題解決の事例を交え、時事ネタを活用して市場のニーズに応えています。この商品を選ぶことで、信頼性と効率性の両方を手に入れることができます。,3,2023-02-15 22:21,2024-04-08 01:18,NULL
P9HFQIT18X7N,JWI5KKZTHH,NULL,68785531,私たちの介護用品は、サプライチェーンの効率化を図り、イベントやプロジェクトに最適なソリューションを提供します。これにより、現場での作業がスムーズになり、利用者の満足度も向上します。ぜひご検討ください！,7,2023-02-16 03:25,2024-02-13 18:37,NULL
24OMI368Q1VM,1I69H29M8Z,NULL,43979678,当社の最新金融商品は、顧客満足度を最優先に設計されており、品質管理に基づいた高い信頼性を誇ります。生産性向上を実現するための提案書もご用意しており、イベントを通じてお客様に直接お伝えする機会を設けています。これにより、より効果的な営業活動が可能となります。,10,2023-02-16 15:31,2024-05-28 13:46,NULL
EWMHKBH0E9BO,QB5VHY9IQR,NULL,94558255,当社の新商品は、IT部門間の連携を強化し、失敗事例を分析することでコスト削減を実現します。イベントを通じて実際の活用事例を紹介し、導入後の効果を実感していただける機会を提供します。これにより、業務の効率化と成果向上が期待できます。,12,2023-02-17 04:23,2023-12-15 04:32,NULL
80EBPMAO2YNP,S3U0MJB7KK,NULL,88922696,この金融関連の薬品は、最新のトレンドを反映した効果的な成分を含んでおり、競合他社と比較しても優れたパフォーマンスを発揮します。フォローアップのサポートも充実しており、顧客満足度を高めるための強力なツールです。営業活動において、これを提案すれば信頼を得られるでしょう。,5,2023-02-17 22:30,NULL,NULL
2IU4CMBYNE6V,0T9YTA9E3C,NULL,36393300,この商品は、営業チームの生産性向上に直結する優れた薬品です。プレゼンテーション時の効果的なクロージングをサポートし、マーケティング戦略にもフィットします。顧客との信頼関係を築くための強力なツールとして、ぜひ活用してください。,1,2023-02-20 11:01,NULL,NULL
Y256AMHVRCL3,ZYY0BEKQK6,NULL,37112060,この商品は医療業界の最新トレンドを取り入れたプロジェクト管理ツールで、失敗事例を分析し、効果的なコラボレーションを促進します。時事ネタを活用した機能が、営業活動をサポートし、より良い成果を上げる手助けをします。,4,2023-02-20 22:21,NULL,NULL
VNFZSMII1PZ7,93HBO0EQ2D,NULL,27750243,新商品は介護業界のニーズに応え、最新の時事ネタを取り入れた画期的なソリューションです。顧客対応や教育・トレーニングが充実しており、技術サポートも万全。法律・規制に準拠しながら生産性向上を実現するこの商品は、営業担当者にとって強力な武器となるでしょう。,7,2023-02-22 11:43,2024-05-14 21:37,NULL
061VH0SF3R58,DTT0HA4RYE,NULL,71276044,この商品は、今のトレンドを反映したデザインと機能性を兼ね備えています。コラボレーションによって生まれた独自性が、消費者の心をつかむポイントです。営業の視点から見ても、他社との差別化が図れ、売上向上が期待できる優れた商品です。,3,2023-02-23 09:13,2023-03-24 11:08,NULL
K2DSA30VF3ZV,G4J90885G4,NULL,42908251,この商品は、IT業界に特化したマーケティングツールで、技術サポートも充実しています。提案書作成機能が優れており、営業活動を効率化し、クライアントへの提案がスムーズに行えます。競争が激しい市場での差別化に最適です。,4,2023-02-26 11:45,NULL,NULL
OBVEN9VIVJTM,TZHCJSEL0G,NULL,04125772,この商品は、部署間連携を強化し、顧客対応を迅速化することで、生産性向上に大きく寄与します。営業チームがリアルタイムで情報を共有できるため、顧客のニーズに即応でき、信頼関係の構築にもつながります。効率的な営業活動を実現するための必須アイテムです。,4,2023-02-28 21:14,2024-05-05 07:35,NULL
CZIHGHLT3JJW,WK09AB9UNP,NULL,81926136,このIT医療プロジェクト向けのプレゼンテーションツールは、最新のトレンドを取り入れたマーケティング戦略を支援します。視覚的に魅力的なスライドを簡単に作成でき、医療業界のニーズに特化した機能が充実しているため、営業活動を効率化し、クライアントへのアプローチを強化します。,5,2023-03-01 11:23,2023-03-25 10:20,NULL
QQ2IZYK9617D,ELONGGRVW6,NULL,64249803,新商品の魅力は、競合他社と比較して優れたコストパフォーマンスと独自の機能にあります。特に、顧客のニーズに応えたデザインが好評で、営業チームとしては積極的に提案しやすい商品です。競合分析を通じて得た情報を活用し、効果的な営業戦略を立てることが成功の鍵となります。,3,2023-03-03 08:21,2023-07-15 08:00,NULL
GS5C0Z0HCPMD,HGF68IXOY4,NULL,77131648,当社のITソリューションは、流通業界に特化した高品質なサービスを提供し、顧客満足度を向上させます。品質管理の徹底により、安定したパフォーマンスを実現し、ビジネスの成長をサポートします。信頼性の高い選択肢として、ぜひご検討ください。,3,2023-03-03 13:56,2023-06-14 16:06,NULL
AW980KKDDZ4W,URKO071N48,NULL,49780674,新商品として登場した介護関連製品は、既存商品と比較してコスト削減に優れ、品質管理が徹底されています。最新の法律・規制に準拠しており、トレンドを反映したデザインが魅力的です。フォローアップ体制も充実しており、コラボレーションによるさらなる改善が期待できます。,4,2023-03-04 15:27,2023-09-14 09:05,NULL
WLWEV2SJVKLK,G3A6P3N4GM,NULL,92467274,当社の新製品は、成功事例に基づいたマーケティング戦略を活用し、顧客のニーズに的確に応えています。実際に導入した企業からは、売上が30%増加したとの声もあり、営業活動の効率化に大きく貢献しています。タグ情報を駆使した効果的なプロモーションが、さらなる成果を生んでいます。,6,2023-03-05 07:09,2023-10-26 07:37,NULL
D1F8RE4D41GC,BN47KP5DYK,NULL,33819417,当社のIT流通ソリューションは、マーケティング戦略を強化し、法律・規制に準拠した提案書作成をサポートします。効率的なプロセスと透明性のあるデータ管理により、営業チームの成果を最大化します。,8,2023-03-11 04:01,NULL,NULL
USRB3HLXRJ7M,0B2JY2H068,NULL,50360736,この商品は、顧客ニーズに基づいた提案書を通じて、競合分析を行い、失敗事例を学ぶことで生産性向上に寄与します。イベントでのデモンストレーションも効果的で、実際の利用シーンを通じて顧客に具体的なメリットを伝えることが可能です。,3,2023-03-12 18:57,2024-03-22 00:29,NULL
FPCW7BPU3RXA,0EXX8TRZKM,NULL,73136897,新商品は、最新のトレンドを反映したサービスで、部署間連携を強化するための機能が充実しています。プレゼンテーションが効果的に行えるツールを提供し、顧客の課題解決に貢献します。フォローアップ機能も優れており、営業活動の効率を大幅に向上させます。,3,2023-03-14 02:15,2023-08-06 22:33,NULL
N0IA4HK7VVYK,22W47TXSZ0,NULL,88922696,当社の製品は、製造業界における法律・規制への対応を徹底し、部署間連携を強化することで顧客満足度を向上させた成功事例が多数あります。時事ネタとしても注目されており、業界のニーズに応えることで信頼性が高まっています。ぜひご検討ください。,4,2023-03-14 14:02,NULL,NULL
46A2DD4BTDAM,SGZBTOFAVW,NULL,33819417,当社の新商品は、コスト削減と生産性向上を実現するために設計されています。技術サポートが充実しており、法律・規制に関するアドバイスも提供。サプライチェーンの最適化により、効率的な運用が可能です。,2,2023-03-14 14:41,NULL,NULL
9JPE7GPD3MKD,3UNFQKQ1QS,NULL,42908251,最新のITソリューションを活用した金融サービスは、介護業界に特化したマーケティング戦略を展開し、時事ネタを取り入れたイベントでのプレゼンテーションが効果的です。顧客のニーズに応じたカスタマイズが可能で、競争力を大幅に向上させることが期待できます。,7,2023-03-14 21:41,NULL,NULL
TO81OKENICN5,605S9NIHMN,NULL,61655575,この商品は、ITを活用した効率的な顧客対応を実現し、薬品業界に特化した教育・トレーニングを提供します。生産性向上を図るための提案書も充実しており、顧客ニーズに応じたコラボレーションが可能です。営業チームにとって、非常に価値のあるツールです。,4,2023-03-15 07:23,2023-07-10 09:02,NULL
E9OSMX52OBYN,SGI0Y3UI73,NULL,61655575,この薬品は、顧客ニーズに基づいた効果が高く、法律・規制に準拠しているため安心して使用できます。しかし、過去の失敗事例を踏まえた改善が必要で、営業時にはその点を強調し、信頼性をアピールすることが重要です。,8,2023-03-16 19:43,2024-05-25 00:48,NULL
I18LX7DHDNHM,HGF68IXOY4,NULL,88922696,この商品は、部署間連携を強化し、イノベーションを促進するための優れたツールです。タグ情報サービスを活用することで、情報の整理や共有がスムーズになり、営業活動の効率が飛躍的に向上します。ぜひ導入を検討してください。,2,2023-03-17 00:38,2024-04-26 08:35,NULL
08XSLJ0FQDKP,URKO071N48,NULL,81926136,この商品は、最新のトレンドを反映したイノベーションを取り入れており、成功事例も豊富です。技術サポートが充実しているため、導入後の安心感も抜群。提案書を活用することで、クライアントに対して具体的なメリットを分かりやすく伝えることができます。,6,2023-03-21 07:53,NULL,NULL
TKMK1DXKL7EE,NDGKNPTNLK,NULL,01919118,この商品は、製造業に特化したタグ情報サービスで、交渉やマーケティングを強化し、生産性向上に寄与します。提案書の作成がスムーズになり、チーム内のコラボレーションも促進されるため、業務の効率化を図りたい企業に最適です。,2,2023-03-28 02:20,2023-08-19 01:47,NULL
DH4O9IK8IVSU,SRN9S1XR4V,8SFZOWOFCMT8,71276044,この医療薬品は、最新の技術サポートを受けており、交渉の際にも柔軟な対応が可能です。品質と信頼性が高く、医療現場でのニーズにしっかり応えられる商品です。ぜひ、他社製品と比較してその優位性を実感してください。,1,2023-03-29 23:41,2023-09-30 11:50,NULL
Q8Y6PI5DRM2J,LPG19DRL6X,34VL3RFAWIIR,95265834,この商品は、法律・規制を遵守しながら高い機能性を提供しています。部署間連携がスムーズで、営業チームが顧客ニーズに迅速に対応できる点が特に魅力的です。効率的な営業活動をサポートする優れた選択肢です。,3,2023-03-31 17:50,2024-06-12 11:49,NULL
R1KBO9UTI5P1,8YY30KHEHG,NULL,92757274,当社の新商品は、最新の時事ネタを反映した機能を搭載しており、顧客満足度が高いと好評です。この商品は、リードを獲得するための効果的なツールとなり、営業現場での競争力を大幅に向上させます。ぜひお試しください！,5,2023-04-02 08:11,2023-04-09 21:49,NULL
W2H4XZ73U47X,95916MF0BS,NULL,00975148,この商品は、顧客ニーズに基づいたイノベーションが光る一品です。流通の効率化と技術サポートの充実により、営業プロセスがスムーズに進行し、クロージング率も向上します。既存商品としての信頼性も高く、安心して提案できるアイテムです。,2,2023-04-08 10:21,2024-05-20 17:31,NULL
P3SE5M9CF3FG,0T9YTA9E3C,NULL,33819417,私たちの製品は、製造業と流通業界に特化したコスト削減を実現する優れたソリューションです。成功事例として、多くのクライアントが導入後に生産性向上と経費削減を実感しています。ぜひ、あなたのビジネスでもその効果を体験してみてください。,1,2023-04-08 11:37,NULL,NULL
WTIW0D8XM594,EHBMKJF7LM,NULL,64249803,当社の既存商品は、製造業のニーズに応える高効率なソリューションを提供します。プロジェクトのフォローアップを通じて顧客の課題解決を図り、コスト削減を実現することで、顧客満足度を向上させます。顧客ニーズに基づいた提案で、さらなる信頼関係を築きましょう。,5,2023-04-09 19:03,2024-02-01 22:15,NULL
IRI9SX0KXASC,NYCKKQ7VEN,NULL,36393300,この商品は、プレゼンテーションや提案書作成に最適で、顧客対応をスムーズにする機能が充実しています。トレンドを意識したデザインで、競合との差別化にも成功。過去の失敗事例を踏まえた改善点が反映されており、交渉を有利に進めるための強力なツールです。,1,2023-04-10 15:05,2023-10-02 10:18,2024-06-22 11:20
ANRWR5PK7PC9,BNJBT7LP9E,NULL,22527715,この商品は、部署間連携を強化し、リードの獲得に大いに役立ちます。既存商品としての信頼性も高く、営業チームがスムーズに活用できるため、成果を上げやすいです。効率的なコミュニケーションを促進し、売上向上に貢献します。,8,2023-04-11 03:35,2023-09-30 13:09,NULL
JRJD0NTK5JQ1,QRJP7I1RQ7,NULL,01919118,この介護フォローアップ商品は、現場の課題解決に特化しており、利用者のニーズに応じたサポートが可能です。既存の商品と比較して、効果的なフォローアップ機能が充実しており、安心して導入できる一品です。営業活動においても、顧客の信頼を得やすいポイントが多く、提案しやすい商品です。,2,2023-04-12 11:14,NULL,NULL
SNX2GXEBW5T0,1G1U3KXOEJ,NULL,01919118,当社の新しい介護支援薬品は、教育・トレーニングを通じて使用方法を徹底的にサポートし、技術サポートも充実しています。失敗事例を分析し、イノベーションを取り入れた結果、介護現場での効果が実証されています。安心してご利用いただける商品です。,7,2023-04-12 20:16,NULL,NULL
PMRA9Q4UBF27,05R46SIJHY,NULL,75830881,私たちの介護支援商品は、成功事例が多数あり、実際のイベントでのデモンストレーションも好評です。コスト削減を実現しながら、介護現場の効率を向上させるための強力なツールです。ぜひ、導入をご検討ください！,3,2023-04-13 20:54,2023-05-08 12:23,NULL
A0VF0YYPI05E,URKO071N48,AW980KKDDZ4W,53405714,当社の新商品は、流通とサプライチェーンの効率化を実現し、コスト削減を可能にします。品質管理に優れた設計が施されており、プロジェクトやイベントでのコラボレーションを促進します。これにより、ビジネス全体の生産性向上に寄与します。,6,2023-04-16 20:02,NULL,NULL
33ANE74QUL5C,F79QO85K8O,NULL,76432053,当社の新薬品は、最新のトレンドを反映した成分を使用しており、業界の課題解決に貢献します。コスト削減を実現しながら、効果的なクロージングをサポートするため、営業チームは自信を持って提案できます。お客様のニーズに応えるこの商品は、競争力を高める最適な選択です。,6,2023-04-20 13:05,NULL,NULL
I7SAD034BKM6,BVVGZYLMT1,NULL,43175792,この薬品は流通の効率性を重視しており、迅速な配送が可能です。高品質な成分を使用しているため、信頼性も抜群。営業活動において、顧客からの信頼を得やすく、リピート率が高まること間違いなしです。,10,2023-04-20 15:30,NULL,NULL
Q4B1J0OVT01T,NU212I8EAW,NULL,59233102,この薬品は、過去の失敗事例をしっかりと分析し、改善された提案書を基に開発されました。コラボレーションによって実現したこの商品は、信頼性と効果を兼ね備えており、営業現場でも自信を持って推奨できる一品です。,6,2023-04-22 01:48,NULL,NULL
U51GHTJK93W1,G033Q1QI0Z,NULL,64993416,この商品は、ITと金融の融合を実現し、効率的な交渉をサポートします。最新のトレンドを反映した機能は競合分析にも優れ、イベントやサプライチェーン管理にも役立ちます。営業活動の強力な武器となるでしょう。,8,2023-04-23 02:32,2024-02-23 14:44,NULL
6KC9CHCVVG45,HU1LUCYO06,NULL,00975148,この商品は、流通の効率化を図ることでコスト削減を実現し、競合分析に基づいた独自の強みを持っています。営業チームにとって、顧客ニーズに応じた提案がしやすく、販売促進に大いに役立つアイテムです。,5,2023-04-23 11:59,NULL,NULL
MC4GDQTGC303,BNJBT7LP9E,ANRWR5PK7PC9,33648077,新商品は流通のトレンドを捉え、競合分析を基にした独自のプレゼンテーションが強みです。イベントでの実演を通じて、顧客の関心を引き、販売促進に繋げることが期待できます。今後の市場展開において、競争力を高める要素が満載です。,0,2023-04-26 18:42,NULL,NULL
EWXNIQ6B45EZ,47VGWN5RKU,NULL,36393300,新商品はコスト削減を実現し、既存商品とのシナジー効果も期待できます。プレゼンテーションを通じて、イノベーションの要素を強調し、リードを獲得するための強力なツールとして活用しましょう。営業の視点で見ると、顧客のニーズに応える最適なソリューションです。,5,2023-04-28 08:17,2024-08-28 10:32,NULL
GWMMMT78HKXC,SGI0Y3UI73,NULL,98876028,当社の製品は、製造業から金融、介護分野まで幅広く適応可能で、プロジェクト管理やフォローアップの効率を大幅に向上させます。サプライチェーンの最適化と品質管理の強化により、顧客満足度を高め、競争力を強化することができます。,7,2023-04-29 04:44,2024-05-27 07:07,NULL
QO109IF7GSYD,OG6QBN656X,NULL,49780674,当社の新製品は、製造業の効率を劇的に向上させる革新的なソリューションです。最近の時事ネタとして、サプライチェーンの混乱を受けて、プロジェクト管理やイベントの迅速な対応が求められています。この商品は、これらの課題を解決するための強力なツールです。,6,2023-05-04 15:08,2023-08-14 19:06,NULL
13CIJLRBP228,5DQIDYTO3T,NULL,04125772,当社の医療マーケティングツールは、顧客ニーズを的確に捉え、効果的なアプローチを実現します。データ分析機能により、ターゲット市場の動向を把握し、競争力を高めるサポートをします。これにより、医療機関の成長を促進する最適なパートナーとなるでしょう。,8,2023-05-05 10:44,NULL,NULL
LAFM03LKY5OV,7GJOXNES7Z,NULL,59233102,当社の新しいITソリューションは、製造業や薬品業界、さらには介護分野における部署間連携を強化し、プロジェクトの効率を飛躍的に向上させます。イベントでのデモを通じて、実際の効果を体感していただける機会をご用意していますので、ぜひご参加ください。,2,2023-05-05 18:16,NULL,NULL
UWBK2PN696FB,EHBMKJF7LM,NULL,18836861,新商品の営業において、フォローアップが鍵となります。リードをしっかり育て、クロージングに向けた教育・トレーニングを行うことで、顧客満足度が向上し、リピート率も高まります。このプロセスを通じて、信頼関係を築くことが成功の秘訣です。,8,2023-05-06 01:37,NULL,NULL
2ZNQ4QOINH6F,CEDDHWC59U,NULL,81926136,新商品は製造業における薬品管理の課題を的確に解決します。効率的な在庫管理と品質保証を実現し、業務のスピードアップを図ることで、コスト削減にも寄与します。ぜひ、この機会に導入をご検討ください。,2,2023-05-09 15:34,2024-03-05 21:37,NULL
ZDYZ6F09TXMG,G4J90885G4,S7YLI2PZZREY,64249803,新商品は、最新のトレンドを取り入れたサービスで、流通の効率化を図りながらコスト削減を実現します。プロジェクト管理においても優れた顧客満足度を誇り、サプライチェーン全体の最適化に寄与します。時事ネタを活用したマーケティング戦略により、さらなる市場拡大が期待できます。,4,2023-05-11 03:04,NULL,NULL
E896JHHZF8RB,5DQIDYTO3T,NULL,73136897,この商品は顧客ニーズにしっかり応え、失敗事例を参考にしながら設計されています。法律・規制に準拠しているため安心して導入でき、生産性向上にも寄与します。営業活動において、これらのポイントを強調することで、顧客の信頼を得やすくなります。,1,2023-05-13 19:18,NULL,NULL
1L72JQW2A8EZ,FUFUUGO1YZ,NULL,50360736,私たちの新しい薬品は、コスト削減を実現しながら、業界最高水準の技術サポートを提供します。効率的な運用をサポートし、顧客のニーズに応えることで、競争力を高めることができます。ぜひ一度お試しください！,4,2023-05-14 10:21,2023-09-11 14:36,NULL
UOQYUQ595INC,G033Q1QI0Z,NULL,64993416,当社の医療商品は、顧客ニーズに基づいた設計が施されており、教育・トレーニングを通じて効果的な使用方法を提供します。また、法律・規制に準拠した安心感があり、リード獲得やマーケティング戦略にも貢献します。顧客対応の質を向上させることで、信頼性の高いパートナーとして選ばれています。,3,2023-05-23 18:03,2024-05-07 19:47,NULL
C50KSJ37VVSV,BN47KP5DYK,NULL,64249803,私たちの介護プロジェクトは、顧客満足度を重視し、イベントを通じて実際のニーズを把握しています。品質管理を徹底し、生産性向上を図ることで、提案書に基づいた最適なソリューションを提供します。これにより、介護現場での効率性とサービス向上を実現します。,1,2023-05-24 15:12,2024-07-03 10:42,NULL
I4YLK0FXR2F2,BNJBT7LP9E,NULL,59233102,当社のITソリューションは、競合分析を通じて市場での優位性を確立し、効果的なマーケティング戦略を支援します。イベントでのデモを通じて、実際の活用シーンを体験できるため、顧客の関心を引きやすく、成約率向上に寄与します。,7,2023-05-27 05:26,2023-12-13 05:14,NULL
TYBU2DSQDFMI,Q0WOPM4JJW,NULL,72415063,当社の医療薬品は、介護現場での使用に最適で、顧客満足度が高い成功事例が多数あります。サプライチェーンも確立されており、迅速な供給が可能です。信頼性のある製品で、安心してご利用いただけます。,3,2023-05-29 18:55,NULL,NULL
EDKIY3A7NF9Z,KJC0OZMC9P,NULL,72415063,この商品は、法律・規制に準拠した設計がされており、安心して使用できます。また、コラボレーション機能が充実しているため、チームでの業務効率が大幅に向上します。プレゼンテーションにも適したビジュアルが魅力で、顧客への提案時に強力な武器となるでしょう。,4,2023-05-30 00:45,NULL,NULL
UZGJZ1U99TS9,JWI5KKZTHH,VGOOVOLXMKZK,01919118,当社の医療用製品は、製造業のニーズに応じた高品質なソリューションを提供します。コスト削減を実現しながら、技術サポートを通じてサプライチェーン全体を最適化。プレゼンテーションを通じて、プロジェクトの成功をサポートします。,4,2023-05-30 08:15,2023-06-02 17:10,NULL
6DWSB5190F78,FUFUUGO1YZ,NULL,33819417,当社の新製品は、製造業における部署間連携を強化するために設計されています。成功事例を基にしたイベントを通じて、実際の効果を体感していただけます。これにより、業務効率が向上し、チーム全体のパフォーマンスが飛躍的に改善されることを実感できるでしょう。,4,2023-06-03 16:24,2024-08-16 14:31,NULL
OBOXQQATG4AZ,BVVGZYLMT1,NULL,68785531,この商品は、医療業界に特化した優れた機能を備えており、競合分析を通じて明確な差別化ポイントが見つかりました。顧客満足度も高く、提案書を活用することで、導入のメリットを効果的に伝えることができます。営業活動において、信頼性と実績を強調することが成功の鍵です。,5,2023-06-04 12:14,NULL,NULL
4GD79IXJTXDZ,95916MF0BS,T73HQYATK7TO,78555463,私たちの新しい金融商品は、流通業界のトレンドを捉えた最適なソリューションです。法律・規制に準拠しつつ、部署間連携を強化することで、課題解決に繋がります。コラボレーションを重視した設計により、顧客満足度を向上させることが可能です。,6,2023-06-06 03:25,NULL,NULL
KN09WZH2RFFF,605S9NIHMN,NULL,92757274,この商品は、ITと医療の融合を実現し、プロジェクト管理を効率化します。競合分析を通じてコスト削減を図り、品質管理の向上にも寄与するため、医療機関にとって必須のツールです。営業の視点から見ても、顧客のニーズに応える強力なソリューションです。,2,2023-06-06 06:28,NULL,NULL
3XOZFUXUALWG,FZE9INV1KK,6UI60JNHDYIQ,34993042,当社の新薬品は、製造業における品質管理の厳格な基準を満たしており、顧客満足度の向上に貢献します。プロジェクトの進行中も、常に高い品質を維持することで、信頼性のある製品を提供し、顧客の期待に応えます。,7,2023-06-07 15:53,NULL,NULL
4050PFA8RAPJ,2809P8I08J,NULL,01919118,当社のIT流通ソリューションは、顧客ニーズに応じた柔軟な提案書を提供し、コスト削減を実現します。イベントを通じて交渉を促進し、競争力のある価格を実現することで、顧客満足度を向上させることができます。,4,2023-06-11 20:31,2023-10-29 15:25,NULL
UI89MBIZFLV2,3UNFQKQ1QS,NULL,29372843,この医療薬品は、競合分析を通じて明確な差別化ポイントを持ち、サプライチェーンの効率性も高いです。交渉時にはその優位性を強調し、クロージングをスムーズに行うためのデータも豊富に揃っています。市場における競争力を考えると、非常に魅力的な製品です。,11,2023-06-15 10:23,2023-10-26 03:24,NULL
J5KT41EGYJH8,OB1GSH8AML,8K73AMFHIVZI,50360736,当社の新しい医療ITソリューションは、競合分析を通じて顧客ニーズに応え、金融業界のトレンドを反映した画期的な機能を搭載しています。フォローアップ機能により、顧客との関係を深め、クロージング率を向上させることが可能です。,4,2023-06-16 07:39,2024-05-31 13:36,NULL
VLLQJ3A44ULC,7RM5SKJIBV,NULL,72415063,当社の新商品は、リード獲得から交渉、成功事例の提示まで、営業プロセス全体をサポートします。マーケティングチームとの連携や技術サポートも充実しており、提案書作成もスムーズに行えます。これにより、商談の成功率が向上し、顧客満足度も高まります。,1,2023-06-17 00:40,2023-07-04 05:26,NULL
UGPFR4D638ML,LZX0JLAH8X,NULL,81926136,この商品は、営業チームの生産性向上に貢献する優れたツールです。教育・トレーニング機能を活用することで、課題解決能力を高め、プロジェクトの進行をスムーズにします。クロージングの成功率も向上し、成果を最大化できる点が魅力です。,2,2023-06-18 01:29,2024-08-20 22:15,NULL
3C3C51RV7NAW,S3U0MJB7KK,FOZMVLO9BBF2,18836861,この商品は、金融業界や介護分野でのプレゼンテーションに特化しており、成功事例を豊富に取り入れています。教育・トレーニングの要素も強化されているため、営業チームが効果的に活用でき、顧客へのアプローチが一層スムーズになります。,0,2023-06-21 18:19,NULL,NULL
PPJXL47LQ3C1,FGDSVCL06J,NULL,53405714,当社の新商品は、最新の技術トレンドを取り入れ、顧客ニーズに応える設計がされています。法規制にも完全に準拠しており、安心してご利用いただけます。また、サプライチェーンの効率化により、迅速な納品が可能です。技術サポートも充実しており、導入後の安心感を提供します。,6,2023-06-22 19:01,NULL,NULL
9SZWWN3YMM91,IDB2QVA5BO,8TNSBNI3XGPJ,59233102,当社の商品は、リードからクロージングまでのプロセスをスムーズに進めるための課題解決に特化しています。顧客満足度を高めるための提案書も充実しており、サプライチェーンの効率化や品質管理にも対応。信頼性の高い商品で、ビジネスの成長をサポートします。,4,2023-06-24 05:14,2023-07-04 02:01,NULL
BMEBDDBSAVHI,BNJBT7LP9E,NULL,64993416,当社の最新商品は、技術サポートが充実しており、導入後の安心感を提供します。イノベーションを追求し、業務効率を大幅に向上させる機能が搭載されており、顧客のニーズに応える最適なソリューションです。ぜひご検討ください。,5,2023-06-27 15:18,NULL,NULL
VE7TKJP4FJYT,7KNT7YGA79,NULL,00975148,私たちの新しい金融商品は、顧客ニーズに応じたコスト削減を実現し、トレンドに敏感な市場での競争力を高めます。フォローアップとコラボレーションを重視した営業戦略で、効果的なクロージングが可能になります。お客様の期待を超える価値を提供し、信頼関係を築くことができます。,7,2023-06-30 02:53,2023-10-13 14:22,NULL
WFBASZZMP722,W2JWLI9PLD,NULL,56361306,当社の最新ITソリューションは、金融業界での成功事例を多数生み出しています。顧客対応の質を向上させ、顧客満足度を高めることで、生産性向上にも寄与します。また、チーム間のコラボレーションを強化し、トレンドに即した迅速な意思決定を実現します。,3,2023-07-02 01:51,2024-07-04 02:56,NULL
Z01AD7AY3BQL,2809P8I08J,NULL,88922696,当社の新商品は、サプライチェーンの効率を最大限に引き出す設計が施されています。フォローアップ機能により、顧客とのコミュニケーションがスムーズになり、信頼関係を築く手助けをします。営業チームにとって、これらの要素は成約率を高める強力な武器です。,5,2023-07-09 09:19,2023-07-30 03:45,NULL
NKQ87JGI6XAW,AFM30TRIXQ,NULL,36393300,新商品は、製造業界において流通の効率化を実現し、競合分析を通じてコスト削減を可能にします。さらに、技術サポートが充実しており、生産性向上に直結するため、導入することで競争力を大幅に強化できます。,1,2023-07-11 11:41,NULL,NULL
TEM903WDWGQH,P0PVKWMFWR,NULL,23248982,私たちの新製品は、最新のイノベーションを取り入れた技術サポートを提供し、顧客の成功事例が続出しています。イベントでのフォローアップを強化することで、リードを効果的に転換し、営業成績を向上させることが可能です。この商品を導入すれば、あなたのビジネスも次のステージへと進化します。,2,2023-07-11 18:19,NULL,NULL
TTEOOKJFKI5O,G033Q1QI0Z,NULL,23248982,この商品は、サプライチェーンの最適化を実現し、生産性向上に直結する革新的なソリューションです。効率的なプロセス管理により、無駄を削減し、迅速な対応が可能になります。この機会にぜひお試しください！,1,2023-07-11 19:14,NULL,NULL
OVD99JCIUH7O,F79QO85K8O,NULL,22527715,この商品は、イベントの運営を効率化し、コスト削減を実現するための最適なソリューションです。使いやすいインターフェースと柔軟なカスタマイズ機能により、営業活動を一層効果的にサポートします。イベントの成功を確実にするために、ぜひご検討ください。,4,2023-07-12 05:43,NULL,NULL
OZ5VDIN54UTV,8MNXS50JH3,NULL,76432053,最新のITトレンドに基づいたこの商品は、営業チームの課題解決に最適です。効率的なデータ分析機能により、顧客ニーズを的確に把握し、提案力を向上させます。競争が激化する市場で、迅速な意思決定をサポートする頼もしいパートナーです。,0,2023-07-13 10:16,NULL,NULL
MHP9PPMCRHMK,NYCKKQ7VEN,NULL,88922696,新商品の薬品は、最新の科学に基づいた効果的な成分を含んでおり、顧客の課題解決に役立ちます。教育・トレーニングを通じて、販売チームが法律・規制を遵守しながら効果的にマーケティングできるようサポートします。これにより、信頼性の高い営業活動が実現します。,6,2023-07-13 23:25,2023-09-02 17:42,NULL
B2HPXK62EDXS,GOV661UC9V,NULL,68785531,最新のトレンドを捉えたこの商品は、時事ネタとのコラボレーションが魅力です。特に、注目のイベントや話題に合わせたプロモーションが行われており、消費者の関心を引きつける絶好の機会です。営業活動において、この独自性を強調することで、競合との差別化が図れます。,2,2023-07-15 18:31,2023-08-29 17:58,NULL
HAB3QNPUW22Z,T3H67ZNK3A,NULL,34993042,この商品は、顧客ニーズに基づいた柔軟な提案が可能で、プレゼンテーションの質を高める機能を備えています。部署間連携がスムーズで、交渉の際にも強力なサポートを提供し、クロージング率を向上させる要素が満載です。営業活動において、全体の効率を劇的に改善する優れたツールです。,3,2023-07-17 22:47,NULL,NULL
RYJZF1HXWSAY,JWI5KKZTHH,NULL,78555463,新商品として登場したこの金融商品は、競合分析を通じて明確な差別化ポイントを持っています。利便性や手数料の透明性が高く、顧客ニーズに応える設計が魅力です。営業活動においては、これらの特徴を強調し、顧客の信頼を得ることが成功のカギとなります。,4,2023-07-18 05:49,NULL,NULL
GJTNB7PBVAHE,ELONGGRVW6,NULL,64993416,当社の最新製品は、製造業のトレンドに即した革新的なソリューションを提供し、顧客ニーズに応えることで課題解決を実現します。効率的な生産プロセスをサポートし、コスト削減を図ることで、競争力を高めることができます。ぜひこの機会にお試しください。,4,2023-07-18 19:57,NULL,NULL
N396DTT9YOUI,M0ZN8XBGKR,NULL,80989658,新商品の医療機器は、プレゼンテーションの際にその革新的な技術を強調できる点が魅力です。交渉時には、技術サポートの充実度をアピールすることで、顧客の信頼を得やすくなります。導入後のサポート体制が整っているため、安心して提案できる商品です。,10,2023-07-19 11:41,2023-12-26 17:55,NULL
DRMRE95RYUHN,0B2JY2H068,LM9QEX3QGDTO,36393300,この商品は、流通の効率化を実現し、トレンドに敏感な市場ニーズに応えることで、イノベーションを促進します。さらに、生産性向上に寄与する機能が備わっており、営業活動を一層スムーズにサポートします。是非、導入をご検討ください！,4,2023-07-19 17:02,NULL,NULL
QF0AK8GXO98N,LPG19DRL6X,NULL,93012133,当社の薬品は、厳格な品質管理を経て提供されており、お客様の安心を第一に考えています。さらに、技術サポートが充実しているため、導入後のサポートも万全です。信頼性の高い製品をお求めの方に最適です。,4,2023-07-21 04:47,2023-08-16 15:16,NULL
QVNJ54L7B6X0,LPG19DRL6X,NULL,93012133,当社の新商品は、コスト削減と生産性向上を実現する画期的なソリューションです。最近の時事ネタを反映し、業界のニーズに応える設計が施されています。営業活動において、この商品を提案することで、顧客のビジネスを強力にサポートできるでしょう。,1,2023-07-22 17:47,NULL,NULL
ILKWQDUQA962,KJC0OZMC9P,EDKIY3A7NF9Z,50360736,当社の新しいITソリューションは、金融業界における薬品管理に特化しており、プレゼンテーション機能を活用して品質管理を強化します。これにより、業務効率を向上させ、信頼性の高いデータ分析が可能になります。ぜひ、導入をご検討ください。,3,2023-07-24 13:55,NULL,NULL
S8PIW8YUYIXJ,GZ8D27ZLIC,NULL,27750243,当社の新薬品は、過去のプロジェクトの失敗事例を踏まえ、法律・規制を遵守しつつ、イノベーションを追求した結果、効果的な提案書を作成しました。この商品は、業界のニーズに応えるだけでなく、安全性も確保しているため、営業活動において大きな強みとなります。,0,2023-07-27 23:06,2023-10-08 05:33,NULL
JFV44MYJWZEQ,BVVGZYLMT1,I7SAD034BKM6,92757274,この商品は、製造業から医療、金融、介護に至るまで幅広い業界での導入が進んでおり、最新のトレンドを反映した機能が魅力です。リード獲得からクロージングまでのプロセスを効率化し、教育・トレーニングイベントにも最適なツールです。営業チームの生産性向上に貢献すること間違いなしです。,2,2023-07-29 12:27,NULL,NULL
481JY75YPNT8,LYOC2WABA2,NULL,56361306,この商品は医療現場の課題解決に特化しており、効率的なマーケティング戦略を通じてコスト削減を実現します。導入することで、患者ケアの質を向上させながら、運営コストを大幅に削減できるため、医療機関にとって非常に魅力的な選択肢です。,11,2023-08-04 14:12,NULL,NULL
1XS9MCPOUXEQ,W2JWLI9PLD,NULL,53405714,この商品は、ITと金融分野での成功事例をもとに設計されており、教育・トレーニングにも最適です。イベントでの活用により、品質管理の向上が期待できるため、営業活動を強力にサポートします。導入することで、確実な成果を実感できるでしょう。,8,2023-08-06 19:53,2024-02-24 14:47,NULL
RU69TC3RU7KG,CEDDHWC59U,2ZNQ4QOINH6F,92467274,この商品は、IT流通におけるプロジェクト成功の鍵を握るツールです。失敗事例を分析し、効果的なコラボレーションを促進する機能が搭載されており、クロージングの精度を高めることができます。営業チームにとって必須のアイテムです。,6,2023-08-08 09:30,2024-05-26 10:02,NULL
VN21WWQ46SEK,ZE3PEUOGN1,NULL,33819417,当社の最新製品は、製造業や介護分野でのコスト削減を実現します。法律・規制に準拠した設計により、安全性と効率性を両立。プロジェクト管理をスムーズにし、業務の最適化をサポートします。,2,2023-08-09 20:32,NULL,NULL
B1SVNOSPK7IC,MCEZTT0O1J,NULL,27063854,この医療商品は、競合分析を通じてその独自性が際立っており、プレゼンテーションや交渉の際に強力な武器となります。フォローアップのプロセスもシンプルで、マーケティング戦略に組み込みやすい点が魅力的です。全体として、営業活動において高い効果を発揮する商品です。,1,2023-08-10 14:42,NULL,NULL
04YAVO822L43,FGDSVCL06J,NULL,77131648,当社の新商品は、最新の時事ネタを反映し、顧客満足度を高めるための工夫が随所に施されています。各部署間の連携を強化し、効率的なサプライチェーンを構築することで、品質管理も徹底。さらに、マーケティング戦略としてイベントを活用し、コラボレーションを通じて市場での競争力を高めています。,4,2023-08-11 18:33,NULL,2024-05-28 07:15
8ZBJVQNMONK8,UEERLUHS6Q,NULL,71276044,この商品は、教育・トレーニングに特化したコンテンツを提供し、技術サポートも充実しています。法律・規制に関する最新情報を網羅しているため、安心して使用でき、サプライチェーンの効率化にも寄与します。営業活動において、顧客のニーズに応じた提案が可能です。,1,2023-08-12 22:34,NULL,NULL
KYPTK1ON1SGI,TRMKLF7DTP,NULL,44113628,当社のIT介護ソリューションは、顧客満足度を向上させるだけでなく、コスト削減にも貢献します。法律・規制に準拠した設計で、安心して導入できるため、クロージングもスムーズに進みます。,6,2023-08-13 02:44,2023-12-16 04:34,NULL
CR9WSEV6MGHS,QRJP7I1RQ7,NULL,98876028,当社の新商品は、コスト削減と生産性向上を実現するために設計されており、イノベーションを通じて業務効率を劇的に改善します。提案書に基づく具体的な導入プランを提供し、貴社のニーズに最適なソリューションを提案します。ぜひ、詳細をお聞かせください。,7,2023-08-15 20:15,2024-01-31 06:58,NULL
KVWLQ9RRGR1C,TRMKLF7DTP,NULL,61655575,この商品はITと金融の融合を実現し、顧客対応を効率化するツールです。成功事例も豊富で、交渉をスムーズに進めるための機能が充実しています。イベントでのデモも効果的で、実際の活用シーンを通じてその価値を実感できます。,7,2023-08-26 09:07,NULL,NULL
5CQNTS9VYLX0,QRJP7I1RQ7,NULL,75830881,当社の最新介護支援ツールは、時事ネタを取り入れた柔軟な教育・トレーニングプログラムを提供し、競合分析に基づいた独自のアプローチで差別化を図っています。イベントでのデモンストレーションを通じて、イノベーションを体感できる機会を提供し、フォローアップも充実しているため、顧客満足度を高めることができます。,4,2023-08-27 06:17,NULL,NULL
S4T05KP0D5P0,8YY30KHEHG,R1KBO9UTI5P1,78555463,当社の新しいIT流通ソリューションは、プロジェクト管理を効率化し、イベントの成功をサポートします。リアルタイムのデータ分析により、販売戦略を最適化し、顧客満足度を向上させることが可能です。業界のニーズに応える革新的な商品をぜひご検討ください。,2,2023-08-27 11:27,2024-05-01 05:47,NULL
D6NDEHQGFGV5,8YY30KHEHG,NULL,97823141,当社の新製品は、顧客ニーズに基づいて設計されており、競合分析を通じて市場での優位性を確立しました。成功事例として、特定のプロジェクトで顧客対応が高評価を得ており、法律・規制にも完全に準拠しています。プレゼンテーションを通じて、これらの強みをしっかりと伝え、営業に活かしていきます。,1,2023-08-29 19:02,2024-03-13 14:25,NULL
T4TAL0YA70CR,7JBBIUF3QU,T8AY3W2K3CZY,56361306,この商品は、金融業界におけるコスト削減を実現するための革新的なソリューションを提供します。提案書を通じて、クライアントとのコラボレーションを強化し、クロージング率を向上させることが期待できます。ビジネスの成長を促進するために、ぜひご検討ください。,6,2023-08-30 23:50,NULL,NULL
Q63DO6HYX9X2,H1GE9OEZHN,NULL,98263623,新商品はITを駆使した流通システムで、薬品業界に特化しています。最新の時事ネタを反映した成功事例を基に、顧客対応や技術サポートが充実しており、提案書も非常に分かりやすく、導入の際の不安を解消します。これにより、営業活動が効率化され、顧客満足度も向上します。,1,2023-09-03 01:54,NULL,NULL
Y6JB07GXV0JV,P0PVKWMFWR,NULL,34993042,この商品は、営業チームにとって強力な武器です。プロジェクト管理の効率を高め、クロージング率を向上させる機能が充実しています。また、技術サポートも手厚く、導入後の安心感が大きいです。,4,2023-09-03 20:03,2024-03-25 17:55,NULL
8CA1207FZM5Z,2BQN5S015F,1UEORO0B111R,98876028,このITプロジェクト管理ツールは、顧客満足度を劇的に向上させるイノベーションを提供します。生産性向上に寄与する機能が豊富で、マーケティングチームとの連携もスムーズ。既存商品との統合も容易で、業務効率を高める最適な選択肢です。,5,2023-09-15 04:18,NULL,NULL
6ZDQKDS9QYQF,URKO071N48,NULL,37112060,当社の新薬は、最新の医療トレンドに基づいて開発され、顧客ニーズに応える形で高い顧客満足度を実現しています。競合分析を通じて明らかになった成功事例を活用し、リード獲得の戦略を強化することで、さらなる市場シェアの拡大を目指します。,2,2023-09-15 17:35,NULL,NULL
DQRRKZJTGKFW,I4IZKSYTCQ,NULL,92467274,新商品は顧客ニーズを的確に捉えた設計が魅力です。リードを獲得するための効果的なアプローチが可能で、顧客対応もスムーズに行えます。これにより、信頼関係を築きやすく、販売促進に大いに役立つと感じました。,0,2023-09-16 12:50,2024-01-03 12:55,NULL
4T7H76ZTTWHW,URKO071N48,NULL,36393300,この商品は、サプライチェーンの効率を向上させるための教育・トレーニング機能が充実しており、品質管理の強化にも寄与します。さらに、イノベーションを促進するツールとして、営業チームにとって非常に魅力的な選択肢です。リードフォローアップもスムーズに行えるため、成約率の向上が期待できます。,8,2023-09-16 20:22,NULL,NULL
KAVFK27HODQB,I4IZKSYTCQ,NULL,56361306,この商品は、マーケティング戦略を強化し、サプライチェーンの効率を向上させるイノベーションが詰まっています。営業チームにとって、顧客ニーズに迅速に応えることで競争力を高め、売上を伸ばす絶好のツールです。,3,2023-09-18 03:39,2024-07-21 06:27,NULL
TBGV4TE3AYO1,3SRQL49KKL,NULL,33819417,当社の商品は、部署間連携を強化し、技術サポートを迅速に提供することで顧客ニーズに応えます。これにより、営業チームはより効果的に顧客との信頼関係を築き、売上向上に寄与します。顧客の声を反映した商品設計が、競争力を高めています。,4,2023-09-21 10:36,NULL,NULL
5QQ1OOESCFYX,IDB2QVA5BO,NULL,44113628,この商品は、競合分析を通じて得られた成功事例を基に、リードの獲得からクロージングまでのプロセスを効率化します。イベントでの活用により、コスト削減と品質管理を実現できる提案書が魅力的です。営業チームにとって、信頼性の高いツールとなるでしょう。,5,2023-09-21 20:34,2023-09-25 00:54,NULL
E74ANTYHK5GK,NZI17482TU,NULL,18836861,当社の新商品は、既存商品をベースにした革新的な機能を搭載し、顧客満足度を向上させることを目指しています。時事ネタを取り入れたプロジェクトで生産性向上を実現し、コラボレーションを促進することで、マーケティング戦略にも効果的に対応します。フォローアップも充実しており、営業チームの強力なサポートとなるでしょう。,5,2023-09-21 21:36,NULL,NULL
UA3D7YJHWD8M,5DQIDYTO3T,Z6CVRMNXN5XD,80989658,当社の新商品は、医療、金融、流通業界のニーズを的確に捉え、競合分析を基にした独自の機能を提供します。リード獲得を促進し、コスト削減を実現することで、顧客の期待に応える技術サポートも充実。これにより、顧客満足度が向上し、長期的な関係構築が可能です。,0,2023-09-23 06:02,NULL,NULL
4SESZUD2PRCH,1G1U3KXOEJ,NULL,61655575,当社の薬品は、流通の効率性を追求し、介護現場でのニーズに応えています。部署間連携を強化し、教育・トレーニングを通じてスタッフのスキル向上を図ることで、顧客満足度を高めることができます。顧客の声を反映した商品開発が、さらなる信頼を築いています。,4,2023-09-24 17:00,NULL,NULL
KS4DG2KGFYAS,8YY30KHEHG,D0MBX96Q3Z7G,76432053,当社の新薬品は、最新のトレンドを反映した高品質な製品であり、法律・規制にも完全準拠しています。コスト削減を実現しながら、課題解決に向けた強力なサポートを提供し、他社とのコラボレーションを通じて品質管理を徹底しています。営業チームとして、自信を持ってお客様にお勧めできる商品です。,8,2023-09-24 19:57,NULL,NULL
L6V0VN112LHX,EHBMKJF7LM,NULL,81926136,この商品は、流通の効率性を最大限に引き出す設計が施されており、コラボレーションの幅も広がるため、チームでの利用に最適です。営業の現場での実績も多く、顧客満足度が高い点が大きな魅力です。ぜひ、導入を検討してみてください。,4,2023-09-25 16:09,NULL,NULL
M90OUPCRPU88,ZYY0BEKQK6,NULL,73136897,この商品は、顧客ニーズに応じた教育・トレーニングを提供し、効果的な交渉スキルを磨くための素晴らしいツールです。イベントでの実践的なアプローチを通じて、参加者の理解を深め、営業成績を向上させることが期待できます。,5,2023-10-01 18:30,NULL,NULL
RJEB5X830B61,7GJOXNES7Z,XK1KMFN6Q1AL,73136897,新商品は製造業におけるプロジェクト成功事例を基に設計されており、法律・規制を遵守しながらサプライチェーンの最適化を図ります。生産性向上を実現するための提案書も含まれており、営業活動を強力にサポートするツールです。これにより、顧客への信頼性と提案力を高めることができます。,5,2023-10-03 05:15,NULL,NULL
Y4AST0H88UJW,47VGWN5RKU,NULL,33648077,当社の新商品は、コスト削減を実現しながらも品質管理を徹底しています。イノベーションを取り入れた設計により、効率的な運用が可能で、競争力を高めることができます。ぜひお試しください！,3,2023-10-06 03:48,NULL,NULL
3QBKDBB9XVMY,3SRQL49KKL,NULL,78555463,当社の既存商品は、流通の効率を最大化し、サプライチェーン全体を最適化するために設計されています。成功事例を基にしたプレゼンテーションでは、マーケティング戦略を駆使し、イベントでの実績を強調することで、顧客の信頼を獲得しています。これにより、プロジェクトの成功に繋がる確かなパートナーシップを築いています。,5,2023-10-06 16:07,2023-12-23 15:45,NULL
FCE93RZQF32Z,0B2JY2H068,NULL,05563425,当社の新商品は、流通の効率化を図り、顧客ニーズに応える設計となっています。最近の時事ネタやイベントを踏まえたマーケティング戦略により、顧客満足度が向上し、サプライチェーンの最適化にも寄与しています。これにより、競争力を強化し、より多くの顧客に選ばれる商品となっています。,4,2023-10-11 15:13,2023-12-23 18:21,NULL
DE2PMDE9ER44,Q0WOPM4JJW,NULL,64249803,プロジェクトの失敗事例から学ぶことは多く、特にサプライチェーンの重要性を再認識させられます。当社の商品は、効率的なサプライチェーンを通じて安定した供給を実現しており、これが顧客満足度を向上させる鍵となっています。信頼性のあるパートナーシップを築くことで、ビジネスの成長をサポートします。,4,2023-10-15 16:03,2023-11-15 15:30,NULL
GJYJSKPGUHBA,22W47TXSZ0,9E7XDI7OYOBR,76432053,新商品の登場は、トレンドを押さえた競合分析の結果を反映しており、失敗事例を踏まえた設計が生産性向上に寄与します。さらに、他社とのコラボレーションによって、より魅力的な提案が可能となり、営業活動を一層加速させることでしょう。,1,2023-10-17 00:37,NULL,NULL
T6J126AVLQEM,05R46SIJHY,NULL,95265834,私たちの新商品は、品質管理を徹底し、顧客ニーズに応えることで生産性を向上させる設計がされています。最近の時事ネタを反映した機能も搭載し、競合他社とのコラボレーションを通じてさらに進化しています。ぜひこの機会に、あなたのビジネスに最適なソリューションをお試しください。,7,2023-10-18 10:47,2024-01-16 04:23,NULL
1IAAM1UKTCRA,7GJOXNES7Z,NULL,64249803,当社の新薬品は、コスト削減と生産性向上を実現する革新的なソリューションです。イベントを通じてのコラボレーションにより、業界内での信頼性を高め、より多くの顧客にアプローチできます。ぜひこの機会に、成果を実感してみてください。,5,2023-10-19 08:43,NULL,NULL
6Z3DMXGZZ0I8,2809P8I08J,NULL,29372843,この商品は、競合分析を通じて明確な優位性を持ち、既存商品との差別化が図れます。プレゼンテーションやイベントでの効果的なアプローチが可能で、リード獲得に貢献します。さらに、技術サポートや法律・規制への対応も充実しており、安心して顧客に提案できる製品です。,7,2023-10-20 14:07,2024-07-14 14:21,NULL
FN5Y9U5NJ2IY,W2JWLI9PLD,1XS9MCPOUXEQ,05563425,当社の新商品は、競合分析を基にした独自のイノベーションを取り入れ、顧客満足度を高めるための課題解決に特化しています。技術サポートも充実しており、イベントを通じたコラボレーションでさらなる価値を提供します。この機会にぜひご検討ください。,8,2023-10-29 21:58,NULL,NULL
SH6FEBO0WFKL,949Z0H3KLR,5OW44W9HKWE6,77131648,当社の介護支援商品は、失敗事例を徹底分析し、フォローアップ機能を強化することで、課題解決に向けた確実なサポートを提供します。これにより、介護現場でのトラブルを未然に防ぎ、安心してご利用いただけます。,4,2023-10-30 17:41,2024-01-10 06:29,NULL
RVRISM4RIBIS,5DQIDYTO3T,13CIJLRBP228,42908251,当社の新商品は、効率的なサプライチェーン管理を実現し、コスト削減を可能にします。プレゼンテーション機能を活用することで、リードを獲得しやすくなり、営業活動を加速させることができます。これにより、競争力を高め、顧客満足度を向上させることが期待できます。,7,2023-11-01 19:46,NULL,NULL
I4HAHNDTKGK8,1G1U3KXOEJ,4SESZUD2PRCH,95265834,当社の新薬は、製造業における課題解決に特化しており、競合分析を基にした独自のフォーミュレーションを採用しています。時事ネタに関連する健康問題にも対応しており、プロジェクトの成功をサポートするためのフォローアップ体制も完備。信頼性の高い選択肢として、ぜひご検討ください。,7,2023-11-02 11:58,NULL,NULL
EQL9SMIEEMID,8YY30KHEHG,D6NDEHQGFGV5,56361306,当社の新商品は、流通の効率を最大化し、コスト削減を実現します。顧客ニーズに基づいたデザインで、課題解決をサポートし、他社とのコラボレーションも促進します。ぜひご検討ください！,9,2023-11-03 02:37,NULL,NULL
CL7ESOJ2VXPT,WM06T7O5HU,NULL,43979678,当社の新金融サービスは、流通業界に特化したソリューションを提供し、法律・規制に準拠した透明性のある取引を実現します。プレゼンテーションでは、効率的な業務フローとリスク管理の重要性を強調し、顧客にとってのメリットを明確に伝えます。,5,2023-11-04 06:45,NULL,NULL
E1I1KPOYGNO9,2YNP7O7VVF,NULL,59233102,当社の金融関連薬品は、顧客対応を重視した設計で、プロジェクトの成功に直結します。交渉の場でも強みを発揮し、顧客満足度を高めるイベントを通じて信頼を築けます。この商品は、ビジネスの成長をサポートする最適な選択です。,4,2023-11-04 15:34,NULL,NULL
OOBLOW7JLD0L,G4J90885G4,NULL,92467274,新商品は、金融業界向けに特化した教育・トレーニングプログラムを提供し、部署間連携を強化します。失敗事例を学ぶことで生産性向上を実現し、実際の業務に即した内容が魅力です。これにより、チーム全体のパフォーマンスを向上させることが期待できます。,3,2023-11-06 04:51,NULL,NULL
B7MO4XAROXEU,7PSWVYBZQX,NULL,59233102,この商品は、ITと金融の分野でのコスト削減を実現し、効率的な品質管理をサポートします。技術サポートも充実しており、提案書を通じてクライアントのニーズに応じたクロージングが可能です。ビジネスの成長に貢献する優れたソリューションです。,1,2023-11-06 07:03,2024-01-02 15:08,NULL
UVXU7IGPAY65,WK09AB9UNP,CZIHGHLT3JJW,88977777,この商品は、ターゲット市場に対して非常に魅力的です。高品質な素材と独自のデザインが特徴で、競合との差別化が図れます。また、顧客のニーズに応える機能性も兼ね備えており、リピート購入を促進する可能性が高いです。営業活動においては、これらのポイントを強調し、具体的な使用シーンを提案することで、より効果的なアプローチが可能です。,2,2023-11-06 17:35,NULL,NULL
3AZ7FZDTVI3I,BNJBT7LP9E,BMEBDDBSAVHI,98263623,当社の新商品は、既存商品の流通を強化し、部署間連携を促進する設計がされています。成功事例としては、導入後に販売数が30%増加したケースがあり、失敗事例からは顧客サポートの重要性を学びました。この商品は営業活動を支援する強力なツールです。,5,2023-11-09 00:25,2023-12-16 10:28,NULL
I62X5ZYGVCE0,47VGWN5RKU,NULL,16516339,この医療サービスは、流通の効率を最大限に引き出す設計が施されており、既存の商品と組み合わせることで、より迅速な患者ケアが実現します。営業の視点から見ると、顧客のニーズに応える柔軟性と信頼性が強みで、競争力を高める要素となります。,1,2023-11-15 13:37,2024-07-24 19:34,NULL
XPEXSBSRU5T9,BN47KP5DYK,NULL,33648077,この商品は、IT業界に特化した競合分析ツールで、営業チームの戦略立案に役立ちます。教育・トレーニング機能も充実しており、競合の動向を把握しやすく、効果的な営業活動をサポートします。市場での優位性を確保するために、ぜひ導入を検討してください。,1,2023-11-15 15:53,NULL,NULL
NP075LPHSMUG,4IC88G95NO,NULL,27750243,この商品は、金融業界に特化したプレゼンテーションツールで、競合分析機能が豊富です。イベントでの使用にも最適で、顧客満足度を高めるためのデータをリアルタイムで提供します。営業チームにとって、顧客のニーズを的確に把握し、効果的な提案ができる強力なサポートとなるでしょう。,6,2023-11-16 11:17,2024-08-26 04:40,NULL
KZUT6G86CL1C,S3U0MJB7KK,FOZMVLO9BBF2,98876028,この商品は、IT業界における顧客ニーズを的確に捉えた優れたソリューションです。リード獲得からクロージングまでのプロセスをサポートし、技術サポートも充実しているため、サプライチェーン全体の効率化が図れます。顧客対応においても高い満足度を実現しており、信頼できるパートナーとしておすすめです。,4,2023-11-16 11:24,2024-02-07 08:29,NULL
9XUTGJWLWYTV,SJY28960RT,NULL,42908251,当社の新しいITソリューションは、流通業界における薬品管理の効率を大幅に向上させます。リアルタイムでの在庫管理やトレーサビリティを実現し、業界の課題解決に貢献。時事ネタとしても、規制強化に対応した安全な流通をサポートします。,10,2023-11-17 20:20,NULL,NULL
122K0VN3782Z,47VGWN5RKU,NULL,72415063,新商品は、金融業界向けの革新的な薬品管理システムです。時事ネタとして、最近の規制強化に伴い、品質管理の重要性が増しています。成功事例も豊富で、業界イベントでの評価も高く、導入を検討する価値があります。,6,2023-11-19 00:53,2024-04-22 15:30,NULL
8WTHHRN9HPGI,ZYY0BEKQK6,NULL,88977777,当社の新しいタグ情報サービスは、プレゼンテーションや部署間連携を強化し、プロジェクトの効率を向上させる革新的なツールです。法律・規制に準拠しつつ、イノベーションを促進し、生産性向上を実現します。このサービスを導入することで、業務のスムーズな進行が期待できるでしょう。,3,2023-11-19 22:37,2024-06-21 05:14,NULL
CXX9HX13FW4O,EMO06QNXKX,NULL,36393300,当社の新製品は、製造業の現場におけるプレゼンテーションの質を向上させ、部署間連携を強化します。顧客対応やフォローアップがスムーズになり、マーケティング活動にも貢献。技術サポートとサプライチェーンの効率化を実現し、イノベーションを促進することで、業務全体の生産性を大幅に向上させます。,3,2023-11-20 05:50,NULL,NULL
RRSRPG2L5YSF,AV62989B5M,HHW0R2LX9AKY,94558255,当社の製品は、ITを活用した製造業向けの革新的なソリューションであり、顧客ニーズに基づいた設計で生産性向上を実現します。競合分析を通じて、失敗事例を回避し、介護業界でも適用可能な効率的なプロセスを提供します。これにより、業務のイノベーションを促進し、持続可能な成長をサポートします。,7,2023-11-25 07:22,NULL,NULL
4Z3MOPMUUXDO,3UNFQKQ1QS,NULL,77131648,この商品は、顧客満足度を高めるために設計されており、優れたサービスを提供します。営業の視点から見ると、商品の特長を明確に伝えることで、顧客のニーズに応えることができ、信頼を築くことができます。ぜひお試しください！,5,2023-11-29 06:39,2024-04-15 11:57,NULL
MQ56IY6DOJ7E,ZYY0BEKQK6,Y256AMHVRCL3,98876028,当社の新製品は、製造業における生産性向上を実現し、顧客対応の効率を飛躍的に改善します。法律・規制を遵守しつつ、課題解決に特化した機能を備え、顧客満足度を高めることができます。プレゼンテーションも充実しており、導入のメリットを分かりやすく伝えられます。,6,2023-11-30 09:35,NULL,NULL
SEUIMFULNWJ5,G3A6P3N4GM,NULL,94558255,この商品は、顧客対応の効率を大幅に向上させるための優れたツールです。リード管理が簡単になり、提案書の作成も迅速に行えるため、クロージング率の向上が期待できます。また、コスト削減にも寄与するため、投資対効果が非常に高いと言えます。,8,2023-12-01 05:45,NULL,NULL
I2Z2LJWNC1VD,LYOC2WABA2,NULL,49780674,当社の新しいITソリューションは、成功事例を豊富に持ち、リード獲得を効率化します。競合分析機能により、法律・規制の遵守を確実にし、サプライチェーンや品質管理の向上にも寄与します。さらに、チーム間のコラボレーションを強化し、業務の生産性を飛躍的に向上させます。,1,2023-12-03 17:52,NULL,NULL
O4N6Q8M0MBTV,0B2JY2H068,WUN44Q3F64YA,23248982,この商品は、金融業界や介護分野においても活用できる優れたソリューションです。法律・規制に準拠した品質管理を実現し、生産性向上に寄与する提案書も充実しています。営業活動を効率化し、顧客の信頼を得るための強力なツールです。,5,2023-12-10 11:00,NULL,NULL
P2LHPUZAMACQ,Q0WOPM4JJW,8YONO5O94YEW,73136897,私たちの介護支援商品は、顧客ニーズに基づいた設計で、競合分析を通じて明確な優位性を持っています。過去の失敗事例を踏まえた技術サポートを充実させ、プレゼンテーション時には流通の効率性を強調することで、信頼を築きます。,6,2023-12-12 15:47,NULL,NULL
KLXPKIR1937N,05R46SIJHY,NULL,88922696,新商品「コンプライアンスガイド」は、法律・規制の最新情報を提供し、企業の課題解決をサポートします。時事ネタを反映した内容で、営業活動におけるリスクを軽減し、顧客への信頼性を高める強力なツールです。これにより、営業チームは安心して提案ができる環境を整えられます。,1,2023-12-14 09:05,NULL,NULL
UX3BBLFCY3I8,P0PVKWMFWR,NULL,64993416,当社の新商品は、部署間連携を強化し、プロジェクトの進行をスムーズにする設計がされています。フォローアップ機能により、顧客ニーズに迅速に対応でき、顧客満足度を向上させることが可能です。また、法律・規制に準拠した安心感も提供しており、ビジネスにおける信頼性を確保します。,2,2023-12-14 15:41,NULL,NULL
IGTBMYJLT5ZN,BN47KP5DYK,NULL,97823141,この商品は、最新のIT技術を駆使しており、マーケティング戦略を革新する力を持っています。使いやすさと高い効果を兼ね備え、顧客のニーズに応える柔軟性も魅力です。営業チームにとって、競争力を高める必須アイテムと言えるでしょう。,9,2023-12-19 13:53,NULL,NULL
UXKEKB6ULWXN,ELONGGRVW6,NULL,23248982,私たちのタグ情報サービスは、プロジェクトの成功事例を豊富に持ち、品質管理を徹底しています。これにより、顧客のニーズに応じた最適なソリューションを提供し、営業活動を効果的にサポートします。信頼性の高いデータ管理で、ビジネスの成長を促進します。,10,2023-12-21 09:12,NULL,NULL
H9EHE6USQX6M,ZYY0BEKQK6,NULL,29372843,当社のITソリューションは、医療業界の特有の課題を解決するために設計されています。プロジェクト管理機能を活用することで、効率的なイベント運営が可能になり、医療現場のニーズに応じた柔軟な対応が実現します。これにより、クライアントの信頼を獲得し、業務の生産性を向上させます。,5,2023-12-24 00:16,NULL,NULL
FVNYJNG6X5U9,H1GE9OEZHN,Q63DO6HYX9X2,23248982,当社の最新商品は、優れた技術サポートを提供し、サプライチェーン全体での効率を最大化します。これにより、顧客は安心して導入でき、営業チームは迅速な対応で信頼を築けます。ぜひこの機会に、他社との差別化を図りましょう。,4,2023-12-24 06:04,NULL,NULL
51I8C2FIF77I,FGDSVCL06J,NULL,43979678,私たちの製造業向け薬品は、高い顧客満足度を誇り、サプライチェーンの最適化にも寄与します。効率的な流通と品質管理により、安心してご利用いただける商品を提供し、業務の生産性向上に貢献します。,2,2023-12-26 06:07,NULL,NULL
KX34XE8242IP,1I69H29M8Z,NULL,92757274,当社の新商品は、コスト削減を実現しながらも品質管理を徹底しています。成功事例として、特定のイベントでの導入により顧客満足度が向上しましたが、法律・規制に関する失敗事例もあり、今後の改善点として捉えています。営業活動においては、これらの情報を活用し、顧客への信頼性を高めることが重要です。,1,2023-12-27 16:02,NULL,NULL
8XP205X59I46,0B2JY2H068,WUN44Q3F64YA,49780674,当社の医療商品は、顧客対応を重視し、既存の商品をさらに進化させました。イベントでのデモンストレーションを通じて、実際の使用感を体験できるため、信頼性が高まります。ぜひ、これを機にお試しください！,2,2023-12-27 16:41,NULL,NULL
R2AQOFDF82IA,GZ8D27ZLIC,NULL,43979678,当社の製品は、製造業や医療、金融分野での導入実績が豊富で、成功事例も多数あります。競合分析を通じて、他社製品に比べて優れた性能とコストパフォーマンスを実現。イベントでのデモンストレーションを通じて、顧客との交渉をスムーズに進めることができる点も強みです。,8,2023-12-27 18:27,2024-07-24 00:53,NULL
MFN0Q61T14DR,1G1U3KXOEJ,NULL,00975148,私たちの新しい製品は、製造業における薬品管理を最適化し、失敗事例を大幅に減少させることができます。イベントを通じての導入セミナーでは、コスト削減と生産性向上の具体的な事例を紹介し、法律・規制にも完全に準拠した安心感を提供します。ぜひご検討ください。,4,2023-12-28 03:14,NULL,NULL
04RMH2HH1JKP,6SGI8ZGM1S,NULL,81926136,新商品の導入により、部署間連携がスムーズになり、マーケティング活動が効率化されました。最新のトレンドを取り入れたこの商品は、時事ネタにも敏感に反応し、法律・規制に準拠した安心感を提供します。イベントでのプレゼンテーションでも高評価を得ており、営業の現場での活用が期待されます。,6,2023-12-31 00:10,NULL,NULL
IS5X1BXDVVMH,NU212I8EAW,NULL,27063854,当社の製品は、製造業に特化したプレゼンテーションツールで、時事ネタを取り入れた成功事例を紹介することで、顧客対応を一層強化します。教育・トレーニング機能も充実しており、提案書作成の効率を大幅に向上させることができます。これにより、プロジェクトの成功率が高まること間違いなしです。,8,2023-12-31 15:18,NULL,NULL
L9L9I33QCWMQ,QJQ74NXF0K,NULL,33819417,この商品は、ITと製造業のニーズを的確に捉えたサービスで、顧客満足度を向上させるための教育・トレーニングプログラムを提供します。法律・規制に準拠した内容で、安心して導入できる点も大きな魅力です。営業の視点から見ても、競争力を高めるための必須アイテムと言えるでしょう。,5,2024-01-04 19:20,2024-01-21 08:30,NULL
BG6EWA1FCQZ5,2809P8I08J,NULL,04125772,この商品の特長は、顧客ニーズに基づいた高品質な製造業向けソリューションを提供する点です。提案書を通じて、クライアントとのコラボレーションを深め、効果的なクロージングを実現できます。マーケティング戦略を駆使して、競争力を高める一手となるでしょう。,6,2024-01-07 15:25,NULL,NULL
PP6Q4IXJTF24,GZ8D27ZLIC,R2AQOFDF82IA,72415063,当社の新商品は、金融業界に特化した介護支援ツールで、部署間連携を強化し、顧客対応を効率化します。リード管理機能と提案書作成の自動化を実現し、チーム内のコラボレーションを促進することで、より効果的な営業活動をサポートします。,6,2024-01-07 18:22,2024-05-05 23:45,NULL
RBW09STGKIMW,KJC0OZMC9P,OC64XORMDNEN,34993042,新商品は、顧客ニーズに応じた柔軟な金融ソリューションを提供します。特に、リスク管理や資産運用を重視する方に最適で、実績あるサポート体制が魅力です。これにより、顧客の信頼を得やすく、営業成績の向上が期待できます。,1,2024-01-08 14:38,NULL,NULL
ICKHRJO1S7AU,0B2JY2H068,NULL,93852109,新商品は、部署間連携を強化し、成功事例を基にした具体的な提案書を提供します。コスト削減を実現しつつ、法律・規制にも完全に準拠しているため、安心して導入可能です。失敗事例も分析し、リスクを最小限に抑えた営業戦略をサポートします。,5,2024-01-12 12:28,NULL,NULL
7ISJQ89O4031,M0ZN8XBGKR,NULL,44113628,この商品は、顧客のニーズを的確に捉えたトレンドを反映しており、マーケティング戦略においても優れた効果を発揮します。品質管理が徹底されているため、課題解決に繋がる信頼性が高く、顧客対応もスムーズです。営業活動において、強力な武器となること間違いなしです。,4,2024-01-12 12:35,NULL,NULL
Z6NJH1AMA3R5,EMO06QNXKX,NULL,95265834,当社の新商品は、介護現場での生産性向上を実現するイノベーションを提供します。イベントでのデモを通じて、その使いやすさと効果を実感していただける機会を設けています。ぜひご参加いただき、介護の未来を共に切り拓きましょう！,2,2024-01-14 14:53,NULL,NULL
JSRB8XI3LAI9,90Q9VYRVSK,NULL,59233102,私たちの新商品は、コスト削減を実現しながらも、失敗事例を分析した上で開発されたため、マーケティングイベントでの成功率が高まります。営業の視点から見ても、競合他社に比べて優位性を持つため、顧客への提案がしやすく、売上向上に寄与します。,8,2024-01-17 01:43,NULL,NULL
S72ZJZWRJOQS,6JWL966BHE,NULL,97823141,この商品は、顧客対応の質を向上させるためのプロジェクトに最適です。マーケティング戦略と連携し、ターゲット層にアプローチできる機能が充実しており、営業活動を効率化します。ぜひ導入を検討してみてください。,4,2024-01-17 06:57,NULL,NULL
940CXLHU4LH9,AFM30TRIXQ,NULL,36393300,この商品は、顧客満足度を高めるための優れた機能を備えており、営業の現場でのクロージング率を向上させることができます。タグ情報が豊富で、ターゲット層に応じたアプローチが可能なので、営業活動を効率的にサポートしてくれるでしょう。,4,2024-01-20 19:37,NULL,NULL
M27DCT35BMYQ,GOV661UC9V,NULL,93012133,この商品は、金融分野の失敗事例を学ぶことで、営業チームの課題解決能力を高める教育・トレーニングに最適です。具体的なケーススタディを通じて、実践的なスキルを身につけることができ、結果として成約率の向上が期待できます。,12,2024-01-21 19:07,NULL,NULL
AUO66AZTA98U,BAZ0PHOGRC,I2C7Z9LMKVH2,50360736,私たちの新商品は、部署間連携を強化し、プロジェクト管理を効率化するために設計されています。顧客対応の質を向上させる機能が充実しており、品質管理のプロセスも一元化されています。これにより、営業チームは顧客ニーズに迅速に応えることができ、成果を最大化できます。,3,2024-01-22 11:49,2024-06-06 20:36,NULL
060EFJS3J5SE,95916MF0BS,T73HQYATK7TO,93852109,当社の新しいコラボレーションツールは、IT部署間の連携を強化し、教育・トレーニングを通じて顧客ニーズに応えることができます。法律・規制に準拠した設計により、顧客満足度も向上。ぜひこの機会にお試しください！,6,2024-01-24 01:11,NULL,NULL
GPU7HFYWJE26,5DQIDYTO3T,NULL,01919118,当社の商品は、顧客満足度を高めるために、フォローアップの重要性を強調しています。失敗事例を分析し、提案書を基に改善策を講じることで、営業活動の質を向上させています。これにより、顧客との信頼関係を築き、リピート率の向上に繋がっています。,0,2024-01-26 22:54,NULL,2024-06-21 04:58
R7HS7Y6G0WB9,H1GE9OEZHN,NULL,98263623,当社の新商品は、コスト削減を実現しつつ、品質管理を徹底しています。最新の法律・規制にも準拠しており、時事ネタを取り入れた提案書を通じて、イベントでのリード獲得を促進します。これにより、顧客のニーズに応える最適なソリューションを提供します。,7,2024-01-27 16:43,NULL,NULL
1V02MVN11WUI,95916MF0BS,NULL,77131648,当社の新しい金融ソリューションは、IT技術を駆使して流通業界の効率を劇的に向上させます。競合分析に基づいた独自のフォローアップ機能を搭載し、法律・規制にも完全対応。業界のニーズに応えることで、信頼性と競争力を高めることができます。,3,2024-01-27 22:24,2024-07-25 01:41,NULL
AMQHKRSHZ3LD,LYK5RZ5JJW,NULL,73136897,この商品は、金融業界での交渉や部署間連携を強化するためのプロジェクト管理ツールです。マーケティングイベントの効果を最大化し、クロージング率を向上させる機能が充実しており、営業チームにとって必須のアイテムです。,6,2024-01-29 10:28,NULL,NULL
EREYM5RP12AP,D1AOBXGZ7Q,NULL,00975148,この商品は介護業界に特化したサービスで、既存商品との連携がスムーズです。流通経路も確立されており、法律・規制に準拠した安心感があります。マーケティング戦略を駆使してリードを効果的に獲得できるため、交渉の際にも強みを発揮します。,5,2024-02-03 21:32,NULL,NULL
PO6AXWISIC7X,7PSWVYBZQX,NULL,85171900,新商品は医療分野におけるフォローアップ機能が充実しており、顧客満足度を大幅に向上させるイノベーションを提供します。この革新的なアプローチにより、リードの管理が効率化され、営業活動の質が向上します。,5,2024-02-05 09:35,2024-03-28 12:04,NULL
LFZ4M3NFUOQU,MCEZTT0O1J,NULL,49780674,当社の新商品は、他部署との連携を強化し、顧客ニーズに応えるサービスを提供します。営業チームが得たフィードバックを基に、商品知識を深めることで、より効果的な提案が可能になります。これにより、顧客満足度が向上し、成約率も高まることが期待できます。,6,2024-02-06 03:56,2024-03-25 11:08,NULL
71KHB13UR8QJ,NYCKKQ7VEN,NULL,64249803,私たちの商品は、顧客ニーズを的確に捉えた高品質なソリューションを提供し、流通の効率化を実現します。成功事例として、コスト削減を実感したクライアントからの高評価が続出。顧客対応も迅速で、信頼性の高いパートナーとして選ばれています。,7,2024-02-06 11:43,2024-03-29 02:30,NULL
YG7VCQLK8DF6,P0PVKWMFWR,YFQRGM9E4Q7I,75830881,この商品は、流通とサプライチェーンの効率を大幅に向上させるために設計されており、顧客ニーズに応じた柔軟な対応が可能です。マーケティング戦略に組み込むことで、競争優位性を確保し、生産性を飛躍的に向上させる提案書としても最適です。,3,2024-02-08 21:45,NULL,NULL
JOWWVE0EOI39,P0PVKWMFWR,NAXM5FROWXJM,23248982,新商品は、介護現場における薬品の流通を効率化し、生産性向上に寄与します。競合分析を通じて、他社製品と比較して優れた特長を持ち、リード獲得にも効果的です。交渉の際には、これらの利点を強調することで、顧客の信頼を得やすくなります。,5,2024-02-09 11:20,NULL,NULL
8DG3361B4K3O,95916MF0BS,T73HQYATK7TO,05563425,このIT教育・トレーニング商品は、プレゼンテーションスキルを向上させるための優れたツールです。実践的な演習を通じて、営業チームが顧客に対して魅力的な提案を行えるようサポートします。効果的なコミュニケーションを実現し、成約率を高めるための必須アイテムです。,3,2024-02-11 13:09,NULL,NULL
DR1K2APQUGPD,0T9YTA9E3C,NULL,88977777,当社の新商品は、最新のトレンドを取り入れたデザインと機能性を兼ね備えています。顧客の課題を解決し、高い顧客満足度を実現するために、フォローアップを重視したサポート体制も整えています。ぜひこの機会にお試しください！,8,2024-02-12 20:56,NULL,NULL
PJG8MV0LLNR4,BN47KP5DYK,NULL,80989658,この商品は、最新の時事ネタを反映した高品質な教材で、顧客対応やフォローアップにも優れています。教育・トレーニングのプロジェクトに最適で、品質管理が徹底されているため、安心して導入できます。営業チームの成果を最大化するための強力なツールです。,4,2024-02-13 01:09,NULL,NULL
S3Y8XX1F5BJ3,TZHCJSEL0G,OBVEN9VIVJTM,53405714,私たちの新商品は、競合分析を通じて見つけた市場のニーズに応え、コスト削減を実現します。失敗事例を参考にしたフォローアップ体制を整え、サプライチェーンの効率を高めることで、エンジニアの皆様にも満足いただける品質を提供します。リード獲得の際には、この強みを前面に押し出していきましょう。,4,2024-02-16 16:48,NULL,NULL
7SWIHVNHJ899,H1GE9OEZHN,L8FWEL22QXFU,92757274,この商品は、営業チームの生産性向上に特化しており、顧客対応や課題解決に役立つ機能が充実しています。教育・トレーニングの要素も含まれているため、新人営業マンでもスムーズにプレゼンテーションやクロージングが行えます。全体として、営業活動を効率化し、成果を上げるための強力なツールです。,4,2024-02-18 19:01,NULL,NULL
9MW9RQB8X7L4,EHBMKJF7LM,ODIAJII1KG5Z,93012133,この商品は、部署間連携を強化し、プロジェクトの進行をスムーズにします。顧客ニーズに応じたカスタマイズが可能で、営業チームにとっては大きな武器となります。効率的な営業活動を実現し、顧客満足度を向上させることが期待できます。,10,2024-02-21 13:15,2024-07-14 03:55,NULL
728MDBVAOY2O,VFJNG7S0CP,U46XX11X16LG,61655575,新しい介護支援ツールは、製造業の効率を向上させ、介護現場でのイノベーションを促進します。成功事例として、導入後のリードタイム短縮が報告されており、失敗事例を参考にすることで、よりスムーズなプロジェクト進行が可能です。この商品は、時事ネタを反映した機能も備えており、現場のニーズに応えています。,2,2024-02-22 18:27,NULL,NULL
Y6CXOPOW2KIE,605S9NIHMN,NULL,85171900,当社の新商品は、最新の時事ネタを反映した機能を搭載し、顧客ニーズに応える設計になっています。流通イベントでのリード獲得にも最適で、営業活動を効率化するツールとして大変有用です。ぜひこの機会にお試しください！,8,2024-02-22 20:20,NULL,NULL
Y793I0LCZPC1,T3H67ZNK3A,NULL,64249803,この金融商品は、流通業界のニーズに特化しており、部署間連携を強化するための機能が充実しています。提案書を基にしたクロージングを行うことで、顧客にとってのメリットを明確に伝え、コラボレーションの可能性を広げることができます。既存商品とのシナジー効果も期待できるため、営業チャンスが増加します。,3,2024-03-02 21:40,NULL,NULL
62DFOCHXD6LL,90Q9VYRVSK,NULL,92467274,私たちの新商品は、最新の時事ネタを反映し、顧客ニーズに応える形で設計されています。イベントでの活用も想定し、生産性向上に寄与する機能が盛り込まれています。顧客対応の効率を高め、満足度を向上させるための理想的なソリューションです。,1,2024-03-03 10:51,NULL,NULL
E9ACSHL7YZDQ,HGF68IXOY4,50VCLYTILP2E,50360736,当社の最新金融ソリューションは、競合分析を通じて顧客ニーズを的確に捉え、マーケティング戦略を革新します。コラボレーション機能も充実しており、チーム全体での効果的な営業活動を実現します。これにより、顧客の期待を超えるサービスを提供できるでしょう。,2,2024-03-06 03:14,NULL,NULL
LL1T6I1NGFFI,EHJCH2PO4U,NULL,71276044,当社の新しいソリューションは、製造業と金融業界のニーズに応え、サプライチェーン全体の生産性向上を実現します。提案書に基づいたカスタマイズ可能な機能により、効率的な業務運営が可能となり、競争力を強化します。,7,2024-03-08 08:10,2024-07-14 00:00,NULL
29QVB5TG2N52,VP81LYMP8C,NULL,76432053,当社の新製品は、顧客ニーズに基づいたイノベーションを取り入れ、コスト削減を実現します。効率的なプロセスを提供することで、ビジネスの成長をサポートし、競争力を高めることができます。ぜひこの機会にお試しください！,2,2024-03-10 02:25,NULL,NULL
4PZFD2EBVSTA,H1GE9OEZHN,L8FWEL22QXFU,53405714,この商品は、トレンドを先取りしたイノベーションを取り入れたもので、交渉の際にも強力なリードを提供します。失敗事例を分析し、フォローアップを徹底することで、クロージング率を高めることができるため、コラボレーションを通じてさらなる成功を目指せます。,8,2024-03-10 05:40,2024-08-17 13:35,NULL
SAPHRO9NPMJI,G4J90885G4,S7YLI2PZZREY,59233102,このIT薬品は、顧客ニーズに応じた機能を備えており、プレゼンテーションでの説得力が抜群です。クロージングの際も、顧客満足度を高めるためのサポートが充実しており、信頼性の高い選択肢となります。,4,2024-03-11 22:32,NULL,NULL
AA6TAUL632ZF,AFM30TRIXQ,NULL,43175792,当社の新商品は、介護現場での部署間連携を強化し、業務効率を向上させるためのイノベーションを実現しました。直感的な操作性とリアルタイムの情報共有機能により、スタッフ間のコミュニケーションが円滑になり、利用者へのサービス向上に寄与します。ぜひご検討ください。,1,2024-03-17 17:28,NULL,NULL
79WJA14Z1OF9,P8N7DNRO5Y,T8EQZC74UX5A,85171900,当社のIT医療ソリューションは、最新の時事ネタを反映した機能を搭載し、競合分析に基づいて優れたパフォーマンスを発揮します。サプライチェーンの最適化により、エンジニアリングチームの効率も向上し、クライアントのニーズに応えるための強力なツールとなっています。クロージングの際には、これらのメリットを強調し、信頼性をアピールすることが鍵です。,4,2024-03-18 00:12,2024-07-28 19:52,NULL
I174QKCDYJRX,NYCKKQ7VEN,NULL,95265834,最新のIT医療薬品は、競合分析を通じて市場のトレンドを捉えたイノベーションが詰まっています。営業の視点から見ると、これらの製品は顧客のニーズに応えるだけでなく、効率的な営業戦略を展開するための強力な武器となります。市場の変化に柔軟に対応できる点が、他社製品との差別化要因です。,4,2024-03-29 01:08,NULL,NULL
YPGZ6M0A64PD,FUFUUGO1YZ,NULL,01919118,当社の介護商品は、顧客対応に優れたサポート体制を整えており、利用者のニーズに的確に応えます。また、品質管理に徹底しており、安心して使用できる製品を提供。クロージングもスムーズで、顧客満足度が高いのが特徴です。,3,2024-03-31 00:41,NULL,NULL
GWRDJRGG85I5,3SRQL49KKL,NULL,01919118,当社の医療関連商品は、顧客ニーズに基づいた高品質なソリューションを提供し、リードタイムの短縮とコスト削減を実現します。技術サポートも充実しており、サプライチェーン全体を通じて品質管理を徹底。信頼性の高いパートナーとして、貴社のビジネスをサポートします。,1,2024-03-31 00:50,NULL,NULL
UGIQCPCU9K7Y,UEERLUHS6Q,NULL,49780674,この商品は、顧客のニーズに応えるために設計されており、使いやすさと高性能を兼ね備えています。営業チームは、顧客対応を通じて得たフィードバックを活かし、商品の魅力を最大限に引き出すことができます。信頼性の高いサポート体制も整っており、購入後の安心感を提供します。,4,2024-04-04 03:35,NULL,NULL
82XC3UM4US5T,7GJOXNES7Z,1IAAM1UKTCRA,98876028,新商品は、部署間連携を強化し、効率的な品質管理を実現します。営業チームにとって、これにより顧客への提案がスムーズになり、信頼性の高い商品を提供できる点が大きな魅力です。ぜひ、この新商品を活用して、売上向上を目指しましょう。,3,2024-04-04 22:16,NULL,NULL
BSYQI050E4MS,90Q9VYRVSK,NULL,56361306,当社の新商品は、顧客ニーズを的確に捉えた設計で、競合分析を基にした優れた機能を搭載しています。サプライチェーンの最適化により生産性向上を実現し、顧客対応の迅速性も向上しました。これにより、他社製品と比較して明確な優位性を持つことができます。,1,2024-04-06 23:51,NULL,NULL
OVXSP34T0P8T,GOV661UC9V,TUDFU60T3HBT,27750243,当社の介護支援商品は、部署間連携を強化し、顧客満足度を向上させるために設計されています。過去の失敗事例を踏まえ、法律・規制にも準拠しており、安心して営業活動に活用できます。この商品を通じて、より良いサービス提供が実現できるでしょう。,10,2024-04-07 03:43,NULL,NULL
VM5WMASPF7JF,F8SX7C1C9V,E9W8CLBZEUOW,49780674,当社の新薬品は、最新のトレンドを反映し、コスト削減を実現する画期的な製品です。過去の失敗事例を分析し、効果的な改善策を講じたことで、より高い効果を期待できます。ぜひ、今すぐお試しください！,13,2024-04-08 12:39,NULL,NULL
Q09SYDTLD7F5,8YY30KHEHG,NULL,76432053,最近の法律・規制に対応した新商品の営業を行っています。顧客満足度が非常に高く、安心してご利用いただける点が大きな強みです。時事ネタを取り入れた提案で、より効果的な営業を実現しています。,5,2024-04-11 00:48,NULL,NULL
BCK0CTJAWVLL,I7FC31LNPB,NULL,88922696,この商品は、薬品業界や介護分野でのプロジェクト管理に特化しており、競合分析や品質管理を効率的にサポートします。エンジニアとの連携もスムーズで、営業チームにとっては強力な武器となるでしょう。導入することで、業務効率が大幅に向上し、顧客満足度も高まります。,2,2024-04-11 22:23,NULL,NULL
FIFOP1PJHM5A,HU1LUCYO06,NULL,80989658,当社の品質管理エンジニア向け商品は、精密なデータ分析と効率的なプロセス改善を実現します。これにより、製品の信頼性を高め、顧客満足度を向上させることができます。実績ある導入事例も多数あり、業界のニーズに応える最適なソリューションです。,5,2024-04-13 06:27,NULL,NULL
CBJUXRWSVX22,OB1GSH8AML,NULL,78555463,当社の新製品は、イベント管理から技術サポートまで幅広く対応し、法律・規制を遵守した安心感を提供します。サプライチェーンの最適化により生産性向上を実現し、営業チームの成果を大幅に向上させることが期待できます。,3,2024-04-14 09:43,NULL,NULL
3IU7UPELZSIQ,2BQN5S015F,NULL,44113628,当社の最新技術サポートソリューションは、医療や金融業界のイベントでの運用を大幅に効率化します。リアルタイムのデータ分析とサポート機能により、顧客満足度が向上し、業務の信頼性が高まります。ぜひ、導入をご検討ください。,5,2024-04-15 17:28,NULL,NULL
AUT7S8KOG8LR,8MNXS50JH3,NULL,88922696,当社の最新ITソリューションは、交渉力を高めるためのデータ分析機能を搭載し、時事ネタやトレンドをリアルタイムで反映します。法律・規制にも準拠した高品質なサービスを提供し、イベントでのクロージング率を向上させることが可能です。マーケティング戦略を強化し、品質管理の面でも信頼性を確保したこの商品は、ビジネスの成功をサポートします。,4,2024-04-23 08:05,NULL,NULL
WY4IVG9HKRN0,7RM5SKJIBV,NULL,04125772,新商品は、製造業の現場で求められる高い精度と効率を実現しています。リードエンジニアとの連携を強化し、営業チームが提案しやすい仕様を備えているため、顧客のニーズに応える力が抜群です。この商品は、業界の競争力を高めるための強力な武器となるでしょう。,4,2024-04-23 21:00,NULL,NULL
IP18644P33FM,FZE9INV1KK,J7X6B5NKR062,76432053,当社の最新ITソリューションは、顧客ニーズに基づいたカスタマイズが可能で、エンジニアの作業効率を大幅に向上させます。法律・規制にも完全準拠しており、教育・トレーニングプログラムも充実。時事ネタに敏感な企業に最適な選択肢です。クロージングの際には、これらのポイントを強調して提案しましょう。,4,2024-04-26 07:51,2024-08-17 12:18,NULL
16YKD9T2CDKQ,3XGSL3ERPT,NULL,72415063,この商品は、流通の効率性を高めるために設計されており、営業チームが顧客に対して効果的なプレゼンテーションを行えるようサポートします。部署間連携を強化する機能も備えており、全体の業務フローをスムーズにします。営業の視点から見ても、顧客満足度の向上につながる優れた選択肢です。,5,2024-04-30 23:31,NULL,NULL
JAR3F8F6OI1P,SGZBTOFAVW,LREF3759BLMA,50360736,最新のトレンドを反映したこの商品は、成功事例が豊富で、実際に多くの企業が導入し成果を上げています。一方で、過去の失敗事例も参考にしながら、フォローアップやクロージング戦略をしっかりと構築することで、さらに効果を高めることが可能です。今こそ、営業の視点からこの商品を見直すチャンスです！,4,2024-05-01 22:07,NULL,NULL
0BTFPNSSMEK8,7GJOXNES7Z,XK1KMFN6Q1AL,78555463,この商品は、部署間連携を強化するための優れたツールです。営業チームにとって、リアルタイムの情報共有が可能なため、顧客対応がスムーズになり、成約率が向上します。導入後のサポートも充実しており、安心して営業活動に集中できます。,2,2024-05-03 05:55,NULL,NULL
A5WCFKCUVMN5,T3H67ZNK3A,7YJSA4VJHXJD,95265834,新商品「スマートファイナンスツール」は、金融業界の最新トレンドを反映し、課題解決に特化したサービスを提供します。時事ネタを取り入れた機能で、顧客のニーズに迅速に対応できるため、フォローアップもスムーズに行え、営業活動を効率化します。ぜひ、業務に役立ててください。,10,2024-05-05 15:59,2024-06-02 04:10,NULL
OAVUGC5JBMC1,NZI17482TU,NULL,01919118,新商品は医療業界における流通の効率を大幅に向上させる画期的なサービスです。最新のトレンドを取り入れたプレゼンテーションにより、顧客のニーズに応えるだけでなく、競合との差別化も図れます。営業の視点から見ても、導入の価値は非常に高いと感じます。,3,2024-05-06 01:19,NULL,NULL
665HBC8LOOA2,G3A6P3N4GM,NULL,93012133,この商品は、顧客対応が迅速で、マーケティング戦略も効果的にサポートします。技術サポートが充実しており、法律・規制に関する情報も網羅されているため、安心して提案書を作成し営業活動を行えます。全体的に、営業の効率を大幅に向上させる優れた商品です。,3,2024-05-09 03:39,NULL,NULL
GDY7VXIYJ936,4IC88G95NO,NULL,75830881,この商品は、製造業における部署間連携を強化し、クロージングをスムーズに進めるためのツールです。コスト削減を実現しながら、法律・規制に準拠した技術サポートを提供し、品質管理の向上にも寄与します。イノベーションを促進することで、競争力を高める理想的な選択肢です。,6,2024-05-10 12:45,NULL,NULL
OVJOQ96RKV7L,6COU7Q80MD,NULL,05563425,当社の新商品は、最新の時事ネタを反映した機能を搭載しており、競合他社との差別化を図っています。イノベーションを追求し、顧客のニーズに応えることで、営業活動をさらに強化できる魅力的な商品です。これにより、売上向上が期待できます。,6,2024-05-11 12:12,NULL,NULL
IS1EPV22AYPR,90Q9VYRVSK,NULL,29372843,当社の介護支援商品は、顧客ニーズに応じた柔軟な機能を提供し、生産性向上に寄与します。特に、流通の効率化を図ることで、介護現場の負担軽減につながり、クロージングの成功率も向上します。お客様の声を反映したサービスで、信頼性を高めています。,5,2024-05-11 17:28,NULL,NULL
UQ288VFECIR3,AFM30TRIXQ,AA6TAUL632ZF,27750243,この金融商品は、流通業界に特化した資金調達ソリューションを提供します。迅速な融資プロセスと柔軟な返済条件により、営業チームは顧客のニーズに応じた提案が可能です。信頼性と利便性を兼ね備えたこの商品は、競争力を高める大きな武器となるでしょう。,3,2024-05-14 10:29,NULL,NULL
163G9KKTM2IV,22W47TXSZ0,NULL,33819417,当社の介護用品は、法律・規制を遵守しながら、高品質な管理体制を整えています。安心してご利用いただける商品で、介護現場における信頼性を確保しています。ぜひ、私たちの製品で大切な方々の生活をサポートしてください。,5,2024-05-17 11:44,NULL,NULL
D10RJIYTZI6A,47VGWN5RKU,NULL,64249803,営業の視点から見ると、タグ情報の交渉に失敗した事例は、顧客ニーズに対する理解不足が原因でした。この経験を踏まえ、提案書には具体的なデータや成功事例を盛り込み、信頼性を高めることが重要です。顧客とのコミュニケーションを強化し、柔軟な提案を行うことで、次回の交渉を成功に導くことができるでしょう。,5,2024-05-18 19:09,NULL,NULL
0FCICN9NCWBM,2YNP7O7VVF,NULL,92757274,当社の新しい教育・トレーニングプログラムは、顧客ニーズに合わせたカスタマイズが可能で、技術サポートも充実しています。時事ネタを取り入れた内容で、顧客対応を強化し、コラボレーションを促進することで、営業チームの成果を大幅に向上させることができます。,3,2024-05-21 03:26,NULL,NULL
FHYBIGIFG6VC,0T9YTA9E3C,NULL,27063854,この商品は、ITと金融業界のニーズに特化しており、プロジェクト管理や顧客対応をスムーズに行うための機能が充実しています。フォローアップやリード管理も簡単に行えるため、チーム内でのコラボレーションが促進され、営業効率が大幅に向上します。,1,2024-05-22 03:16,NULL,NULL
BFOVXGSOJG92,0B2JY2H068,ICKHRJO1S7AU,92757274,当社の新しい金融薬品ソリューションは、成功事例に基づいて設計されており、効率的な資金管理とリスク軽減を実現します。クライアントからの高い評価を得ており、業界内での競争力を大幅に向上させることが可能です。,2,2024-05-24 16:49,NULL,NULL
4LRCIMMHVYAI,90Q9VYRVSK,NULL,92467274,この商品の顧客対応は非常に優れており、迅速なレスポンスが顧客満足度を高めています。さらに、サプライチェーンの効率化により、在庫管理や納期の短縮が実現され、クロージングの成功率も向上しています。営業チームにとって、信頼できるパートナーとなる商品です。,2,2024-05-25 23:02,NULL,NULL
MTVYJE2G8PPC,7RM5SKJIBV,QR8B1474XRTW,73136897,この薬品は、営業チームのクロージング力を高めるための教育・トレーニングに最適です。実践的な内容が豊富で、効果的なセールステクニックを学べるため、売上向上に直結します。営業の現場で即戦力となること間違いなしです。,4,2024-05-29 06:57,NULL,NULL
C7ZZJWKZ1RP5,OB1GSH8AML,8K73AMFHIVZI,76432053,この商品は医療業界に特化したマーケティングツールで、交渉力を高める機能を備えています。イベントの開催や課題解決をサポートし、生産性向上にも寄与するため、営業チームにとって強力なパートナーとなるでしょう。,7,2024-05-31 14:30,NULL,NULL
WCLHKY0U111U,VFJNG7S0CP,NULL,73136897,私たちの医療製品は、フォローアップ体制が充実しており、顧客満足度を高めるためのコラボレーションを重視しています。これにより、患者様のニーズに寄り添ったサービスを提供し、信頼性の高いサポートを実現しています。ぜひ、私たちの製品をお試しください。,9,2024-06-04 06:37,NULL,NULL
HSDF1H1H1MQ3,TRMKLF7DTP,KYPTK1ON1SGI,73136897,最新のイノベーションを取り入れたこの商品は、時事ネタとしても注目されています。特に、環境への配慮が高まる中で、持続可能な素材を使用している点は顧客に響くポイントです。営業の視点から見ると、これらの特徴は競合との差別化に繋がり、販売促進に大いに役立つでしょう。,6,2024-06-05 18:20,2024-08-04 01:34,NULL
N5NYN0OM9M3X,NDGKNPTNLK,LQRX83CK5T67,53405714,この商品は、営業チームにとって必須のツールです。顧客対応がスムーズになり、教育・トレーニング機能が充実しているため、新人でも短期間で成果を上げられます。また、技術サポートが迅速で、問題解決が容易なので、安心して営業活動に集中できます。,8,2024-06-08 23:50,NULL,NULL
2WSSY3TZSU9H,7RM5SKJIBV,NULL,95265834,最新の技術サポートを活用したこの商品は、課題解決において抜群の効果を発揮します。エンジニアによるイノベーションが詰まっており、時事ネタに基づいたニーズにも迅速に対応。営業活動において、顧客の信頼を獲得する強力なツールです。,5,2024-06-08 23:54,NULL,NULL
ENJUPOB71FAM,U0C8MV3ZTP,NULL,49780674,この商品は、顧客ニーズを的確に捉えるためのQ&A機能が充実しており、フォローアップもスムーズに行える設計です。マーケティング戦略においても、効果的なアプローチが可能で、営業活動を大いにサポートしてくれる優れた商品です。ぜひ、あなたの営業力を強化するために取り入れてみてください。,1,2024-06-10 05:24,NULL,NULL
4H33ZUM40FNZ,W2JWLI9PLD,NULL,72415063,当社の医療関連商品は、部署間連携を強化し、効率的なコミュニケーションを実現します。競合分析を通じて、他社製品と比べて優れた機能性と使いやすさを持ち、医療現場での導入が進んでいます。これにより、患者ケアの質向上に貢献できることが大きな強みです。,5,2024-06-11 17:18,NULL,NULL
GIGIU7994EUP,MCEZTT0O1J,LFZ4M3NFUOQU,92467274,この商品は、競合分析を行った結果、独自の特徴が際立っており、プレゼンテーション時にその強みを強調できます。交渉の際も、顧客のニーズに応じた柔軟な提案が可能で、クロージングの成功率が高まります。営業チームにとって、強力な武器となる商品です。,6,2024-06-14 07:37,NULL,NULL
85THDDU484U9,7KNT7YGA79,NULL,49780674,この商品は、ITと金融分野での失敗事例を克服するための強力なツールです。クロージングの効率を向上させ、顧客満足度を高めるだけでなく、技術サポートも充実しており、生産性向上やチーム間のコラボレーションを促進します。導入することで、業務の質が確実に向上します。,5,2024-06-15 18:26,NULL,NULL
56WVNZ1NITG5,0EXX8TRZKM,NULL,77131648,製造業における失敗事例を分析することで、我々の商品がどのようにリードを生むかを具体的に示します。例えば、プロセスの最適化を図ることで無駄を省き、効率的な生産を実現。これによりコスト削減と品質向上を両立し、競争力を高めることが可能です。,5,2024-06-19 22:17,NULL,NULL
N380HRD34CJG,SGI0Y3UI73,5E73ZRT1WIG9,05563425,この医療関連商品は、部署間連携を強化するための優れたプレゼンテーションツールです。法律・規制に準拠した提案書作成機能があり、営業活動を円滑に進めることができます。既存商品としての実績もあり、信頼性が高いのが魅力です。,4,2024-06-20 16:14,NULL,NULL
WNHQVBJ0CUVE,JPS87VVXZ8,MFXT89RT3F26,50360736,このプロジェクトは、サプライチェーンの効率化を実現するために設計された優れたツールです。エンジニアリングの視点からも高い信頼性があり、営業チームにとっては顧客への提案がしやすくなります。導入することで、業務のスピードと精度が向上し、競争力を強化できるでしょう。,3,2024-06-23 01:36,NULL,NULL
8XVBX9TKUFNG,ZE3PEUOGN1,NULL,81926136,新商品の「エコフレンドリー洗剤」は、環境意識が高まる中、持続可能なライフスタイルを提案します。最近の時事ネタとして、プラスチック削減が話題ですが、この洗剤はリサイクル可能なパッケージを採用。営業の視点から見ても、エコ志向の消費者にアピールできる絶好のチャンスです！,2,2024-06-23 16:15,2024-08-03 18:50,NULL
8O0Y6FC0ZGY6,6JWL966BHE,S72ZJZWRJOQS,27063854,当社の新薬は、競合分析を通じて顧客ニーズに応え、失敗事例を踏まえた改良を重ねました。クロージングの際には、生産性向上を強調し、医療現場での実績をアピールすることで、信頼を獲得しています。ぜひ一度ご検討ください。,2,2024-06-25 09:50,NULL,NULL
02L3JA1FIKSE,HGF68IXOY4,NULL,75830881,この商品は、ITを駆使してフォローアップを効率化し、課題解決に貢献します。コスト削減を実現しながら、生産性向上にも寄与するため、営業活動をよりスムーズに進めることができます。導入することで、業務の質が格段に向上します。,4,2024-06-25 20:35,NULL,NULL
R3KLZ3CSO6ZB,7GJOXNES7Z,NULL,81926136,当社の薬品は、先進的な技術サポートを提供し、医療現場での使用をスムーズにします。プレゼンテーション資料も充実しており、効果的に商品の魅力を伝えることができます。営業活動を強力にサポートするアイテムです。,7,2024-06-27 17:39,NULL,NULL
JB9L8OTG6RB6,BNJBT7LP9E,NULL,34993042,当社の新薬は、最近の時事ネタに基づいて開発され、各部署間の連携を強化した成功事例として注目されています。特に、効果的なチームワークにより、迅速な市場投入が実現し、多くの医療現場で高い評価を得ています。この商品は、患者のニーズに応えるだけでなく、営業チームにとっても大きなアピールポイントとなるでしょう。,9,2024-06-28 16:28,NULL,NULL
JXYXQTWUH7BD,EHBMKJF7LM,ODIAJII1KG5Z,22527715,最新のITソリューションは、金融業界における効率化を実現し、薬品管理の透明性を高めます。特に、時事ネタとして注目されるサイバーセキュリティの強化が、顧客信頼を向上させるポイントです。今こそ、これらの技術を活用し、競争力を高めるチャンスです。,6,2024-07-04 14:57,NULL,NULL
S1JOESU9U107,0T9YTA9E3C,YHX0CSOFF68F,97823141,当社の新商品は、過去の失敗事例を分析し、課題解決に特化した設計がされています。イベントでのデモを通じて、実際の効果を体感していただける機会を提供し、顧客のニーズに応える自信があります。,3,2024-07-05 01:03,NULL,NULL
Y59YZ6R9ZMRB,6COU7Q80MD,NULL,36393300,この商品は医療業界に特化したマーケティングツールで、教育・トレーニングの充実によりチーム全体のスキル向上を実現します。品質管理機能も備えており、エンジニアとのコラボレーションを促進することで、課題解決に向けた迅速なアプローチが可能です。営業チームにとって、顧客ニーズに応える強力な武器となるでしょう。,1,2024-07-05 09:02,NULL,NULL
B2Y093569C4Q,7RM5SKJIBV,D3W70J8VW2IH,18836861,この薬品は、過去の失敗事例を徹底的に分析し、生産性向上に特化した処方が施されています。営業現場での実績もあり、顧客のニーズに応えることで信頼性が高まっています。ぜひ、導入をご検討ください。,2,2024-07-07 18:18,NULL,NULL
TNQ7SM92E0RA,ZYY0BEKQK6,Y256AMHVRCL3,00975148,私たちの製造業向け商品は、顧客満足度を最優先に考え、最新の時事ネタを反映した機能を搭載しています。競合他社と比較しても優れた性能を誇り、効率的な生産プロセスを実現。ぜひこの機会にお試しください！,7,2024-07-08 02:10,NULL,2024-08-29 04:03
6NA0O9Y9ZKQP,AV62989B5M,NULL,05563425,当社の介護支援商品は、最新の法律・規制に準拠しており、失敗事例を徹底分析した上で開発されています。時事ネタを取り入れたプロジェクトとして、現場のニーズに応える機能が充実しており、安心してご利用いただけます。これにより、介護業界の課題解決に貢献します。,5,2024-07-08 08:36,NULL,NULL
5J9KY9S90MKD,Q0WOPM4JJW,NULL,05563425,最新のサプライチェーン管理ソリューションは、時事ネタに基づいたプロジェクト提案書での活用が可能です。リードを効果的に獲得し、営業活動を加速するために、ぜひご検討ください。,3,2024-07-09 15:21,NULL,NULL
ANJUQH1YQ9QG,7GJOXNES7Z,NULL,04125772,この商品は金融、流通、薬品、エンジニアリングの各分野において、効率的なデータ管理と分析を実現します。特に、リアルタイムの情報提供が可能なため、迅速な意思決定をサポートし、業務の最適化に貢献します。競争が激しい市場での優位性を確保するために、ぜひご検討ください。,3,2024-07-11 08:48,NULL,NULL
N479L7S70ITZ,2809P8I08J,4050PFA8RAPJ,56361306,私たちの商品は、顧客ニーズを的確に捉えた設計で、競合分析を基にした優れた品質管理が施されています。最近の時事ネタを反映したプロジェクトで、リードを効果的に獲得し、クロージング率を向上させることが可能です。営業の視点から見ても、他社製品に対する明確な優位性があります。,8,2024-07-11 22:21,NULL,NULL
QXL3XXU99HER,QRJP7I1RQ7,NULL,73136897,この商品は製造業に特化したマーケティングツールで、生産性向上に直結します。直感的なインターフェースとデータ分析機能により、営業チームが迅速に意思決定を行えるため、売上向上が期待できます。ぜひ導入を検討してみてください。,7,2024-07-15 18:32,NULL,NULL
AFST37X48BDF,P0PVKWMFWR,NULL,59233102,当社の新薬は、ITを駆使した効率的なサプライチェーン管理により、迅速な納品を実現。交渉の成功事例も多数あり、顧客から高い評価を得ています。営業チームが自信を持って推奨できる商品です。,6,2024-07-17 05:12,NULL,NULL
CO8V695E3PDT,6JWL966BHE,NULL,64993416,当社の流通薬品は、迅速な配送と高品質な製品を兼ね備えており、顧客対応にも力を入れています。タグ情報を活用することで、在庫管理が効率化され、顧客のニーズに的確に応えることが可能です。信頼性の高いパートナーとして、ぜひご検討ください。,1,2024-07-20 04:49,NULL,NULL
FEL184F7ZLKJ,7PSWVYBZQX,NULL,92757274,この商品は、製造業に特化したトレンド分析機能を備えており、プロジェクトの進行状況をリアルタイムで把握できます。顧客対応がスムーズになり、クロージング率も向上。さらに、マーケティングや教育・トレーニングのニーズにも対応しており、営業チーム全体のパフォーマンスを引き上げる強力なツールです。,0,2024-07-21 21:37,NULL,NULL
G53I08CZ66UB,SLZLHO7OP4,NULL,98876028,この商品は、営業チームのプロジェクト管理を効率化し、リードの追跡をスムーズに行えるツールです。マーケティング戦略に基づいた提案書の作成が簡単になり、クライアントへのアプローチが一層効果的になります。営業活動の生産性向上に大いに貢献するでしょう。,1,2024-07-23 00:05,NULL,NULL
WQVR4I86XAGK,BNJBT7LP9E,NULL,49780674,この商品は、ITプロジェクトにおける効率的なマーケティング戦略を提供し、教育・トレーニングを通じてチームのスキル向上を図ります。また、法律・規制に準拠した品質管理の仕組みも整っており、安心して導入できます。プロジェクト成功の鍵となる一品です。,1,2024-07-23 04:23,NULL,NULL
KYONGXRONBFD,JWI5KKZTHH,NULL,78555463,当社の商品は、流通の効率性を高めるために最適化されたサプライチェーンを持ち、競合分析に基づいた独自の強みを発揮しています。顧客満足度も高く、品質管理に徹底しているため、安心してご利用いただける商品です。これにより、リピート率が向上し、安定した売上を実現しています。,6,2024-07-23 15:05,NULL,NULL
4V8BKCK1GVLF,6COU7Q80MD,NULL,97823141,この商品は、サプライチェーンの効率を大幅に向上させるために設計されており、エンジニアとの連携がスムーズです。交渉時にも柔軟な対応が可能で、クロージングの際には顧客のニーズに応じた提案ができます。サービス面でも満足度が高く、営業活動を支える強力なパートナーとなるでしょう。,8,2024-07-24 23:25,2024-08-02 04:01,NULL
JEUOJBNAJ4HV,2BQN5S015F,NULL,75830881,この商品は医療現場での部署間連携を強化し、効果的なフォローアップを実現します。イベントでの導入事例を通じてコスト削減の具体的な提案書を提供し、営業活動をサポートします。これにより、顧客のニーズに応えるだけでなく、業務効率を向上させることができます。,4,2024-07-25 11:46,NULL,NULL
P6HLFADKFK9O,W2JWLI9PLD,4H33ZUM40FNZ,01919118,当社の新製品は、製造業向けに特化した革新的なソリューションです。プレゼンテーションや交渉の場での効果的なデモが可能で、イベントでの注目を集めること間違いなし。イノベーションを追求する企業にとって、競争力を高める強力なツールとなります。,6,2024-07-25 23:46,NULL,NULL
L538NG5O9AWV,GGDTWZNYIC,HFU27K04I6YU,93012133,この商品は、ITと医療分野に特化したプロジェクト管理ツールで、フォローアップ機能が充実しており、クロージングの成功率を高めます。競合分析を通じて顧客満足度を向上させ、生産性を劇的に向上させることができます。特にエンジニアとの連携がスムーズで、チーム全体の効率を最大化します。,5,2024-07-28 02:26,NULL,NULL
HAULQOMWXHQQ,4IC88G95NO,PMND894GGI70,22527715,この医療用サプライチェーン管理ツールは、生産性向上に大きく寄与します。リアルタイムで在庫状況を把握でき、医療機関のニーズに迅速に対応することで、業務効率を劇的に改善します。ぜひ導入をご検討ください。,7,2024-07-30 13:27,NULL,NULL
SCZOXL44DLST,8YY30KHEHG,D0MBX96Q3Z7G,27750243,当社の新商品は、流通の効率化を図りつつ、時事ネタやトレンドを反映したデザインが特徴です。成功事例として、多くの企業がコスト削減を実現し、サプライチェーン全体の課題解決にも寄与しています。営業の視点から見ても、顧客のニーズに応える優れた選択肢です。,2,2024-07-31 22:25,NULL,NULL
W5OJUNALTRIW,NDGKNPTNLK,LQRX83CK5T67,44113628,当社の新薬は、流通の効率化を図るためのタグ情報を活用し、部署間連携を強化しています。これにより、営業チームは迅速かつ正確な情報提供が可能となり、顧客への提案力が向上します。ぜひこの機会に、我々の製品をお試しください。,7,2024-08-02 06:40,NULL,NULL
IXAXERKC4D9A,6COU7Q80MD,NULL,81926136,当社のITプロジェクト管理ツールは、顧客対応を強化し、スムーズなクロージングを実現します。教育・トレーニング機能も充実しており、チーム全体のスキル向上をサポート。これにより、顧客満足度が飛躍的に向上すること間違いなしです。,8,2024-08-03 15:22,NULL,NULL
A8NIUR92TIXU,47VGWN5RKU,NULL,44113628,この商品は、最新のトレンドを反映しつつ、顧客ニーズに応える形で設計されています。生産性向上に特化した機能が充実しており、営業活動を効率化するための強力なツールとして活用できます。導入することで、競争力を高め、顧客満足度を向上させることが期待できます。,6,2024-08-06 21:44,NULL,NULL
YBYTMZ4RM9JE,QB5VHY9IQR,NULL,43175792,このタグ情報サービスは、営業活動における顧客管理やリードの追跡を劇的に効率化します。課題解決に特化した機能により、ターゲットに合わせたアプローチが可能になり、成約率を向上させることが期待できます。営業チームの生産性を高めるために、ぜひ導入を検討してみてください。,3,2024-08-11 11:32,NULL,NULL
3WJY81GMX1IC,SLZLHO7OP4,NULL,29372843,新商品と既存商品を組み合わせた提案書を作成し、エンジニアとの連携を強化することで、製造業のニーズに応えることができます。交渉の際は、クロージングを意識し、相手の関心を引きつけるポイントを明確にすることが重要です。このアプローチにより、効果的な営業活動が実現できるでしょう。,5,2024-08-14 15:51,NULL,NULL
IMJF4VNMF69F,OB1GSH8AML,LWU70WV4O208,00975148,この商品は、品質管理が徹底されており、信頼性の高いプロジェクト遂行をサポートします。リード獲得からフォローアップまでの流れもスムーズで、交渉時の強力な武器となるでしょう。顧客満足度を高めるための最適な選択です。,1,2024-08-15 10:53,NULL,NULL
94FZZU21PL0L,GZ8D27ZLIC,NULL,04125772,この金融教育・トレーニング商品は、営業プロセスを効率化し、リード獲得のスキルを向上させるための優れたツールです。実践的な内容が豊富で、即戦力として活用できるため、営業チームの成果を大幅に向上させることが期待できます。,8,2024-08-17 10:22,NULL,NULL
CWF66YXONVBQ,SLZLHO7OP4,NULL,75830881,当社の新商品は、顧客からのフィードバックを反映した設計で、成功事例としては、導入後に売上が20%向上した企業があります。一方、失敗事例としては、初期のトレーニング不足が原因で効果が見えなかったケースも。顧客対応を強化し、サポート体制を整えることで、より多くの成功を生み出せると確信しています。,10,2024-08-20 02:50,NULL,NULL
5AAR47LFI6CE,7RM5SKJIBV,WY4IVG9HKRN0,43979678,当社の新商品は、医療現場でのトレンドを反映し、部署間連携を強化するために設計されています。教育・トレーニング機能を充実させ、品質管理を徹底することで、生産性向上にも寄与します。顧客ニーズに応えることで、より効率的な業務運営が実現可能です。,1,2024-08-21 22:21,NULL,NULL
Y620P1CUCL48,LPG19DRL6X,NULL,88922696,この商品は製造業において生産性向上に直結するツールで、特にエンジニアの教育・トレーニングにおいて効果的です。成功事例も豊富で、リード獲得にも役立つため、営業活動において強力な武器となるでしょう。,6,2024-08-22 03:58,NULL,NULL
D67IZXV2D3YC,BN47KP5DYK,IGTBMYJLT5ZN,85171900,当社の医療関連商品は、厳格な法律・規制を遵守しつつ、流通の効率性を高める設計がなされています。これにより、安心してご利用いただけるだけでなく、迅速な供給が可能です。医療現場のニーズに応えるため、信頼性と利便性を兼ね備えた製品として、ぜひご検討ください。,9,2024-08-25 22:11,NULL,NULL
NRRBX26CU66O,8MNXS50JH3,NULL,00975148,この商品は、IT業界における顧客対応を強化するための優れたツールです。競合分析機能が充実しており、時事ネタを活用した交渉戦略を立てやすく、顧客満足度を向上させるコラボレーションを促進します。営業チームの生産性を劇的に向上させる一品です。,7,2024-08-26 03:12,NULL,NULL
M68G8P5FSRTC,BVVGZYLMT1,NULL,75830881,新商品は、介護業界に特化したサービスを提供し、顧客対応が非常に優れています。競合分析を通じて、顧客満足度を高めるための独自の技術サポートを備えており、クロージングもスムーズに行えます。これにより、顧客のニーズに応えられる強力な営業ツールとなっています。,2,2024-08-27 21:53,NULL,NULL
