post_id,tag_id
VB64GDOCCXRZ,3
VB64GDOCCXRZ,12
VB64GDOCCXRZ,13
VB64GDOCCXRZ,20
VB64GDOCCXRZ,21
VB64GDOCCXRZ,23
VB64GDOCCXRZ,29
MFXT89RT3F26,6
MFXT89RT3F26,14
MFXT89RT3F26,16
MFXT89RT3F26,18
MFXT89RT3F26,27
MFXT89RT3F26,30
MFXT89RT3F26,34
FXH5BS36S88N,1
FXH5BS36S88N,4
FXH5BS36S88N,5
FXH5BS36S88N,20
FXH5BS36S88N,21
FXH5BS36S88N,28
FXH5BS36S88N,33
FXH5BS36S88N,38
RNMVD3GT119E,2
RNMVD3GT119E,11
RNMVD3GT119E,21
RNMVD3GT119E,23
RNMVD3GT119E,24
RNMVD3GT119E,26
RNMVD3GT119E,33
ZAWPJPLKQS5F,1
ZAWPJPLKQS5F,3
ZAWPJPLKQS5F,7
ZAWPJPLKQS5F,17
ZAWPJPLKQS5F,20
VGMIPSWRYVLN,15
VGMIPSWRYVLN,22
VGMIPSWRYVLN,37
VGMIPSWRYVLN,40
D3W70J8VW2IH,3
D3W70J8VW2IH,4
D3W70J8VW2IH,7
D3W70J8VW2IH,19
D3W70J8VW2IH,35
5YCALHLLBMIJ,6
5YCALHLLBMIJ,7
5YCALHLLBMIJ,9
5YCALHLLBMIJ,15
5YCALHLLBMIJ,17
5YCALHLLBMIJ,21
5YCALHLLBMIJ,22
5YCALHLLBMIJ,29
QLA95EDJ0YNV,12
QLA95EDJ0YNV,20
QLA95EDJ0YNV,27
QLA95EDJ0YNV,34
ALYZBI8SXKM3,1
ALYZBI8SXKM3,14
ALYZBI8SXKM3,17
ALYZBI8SXKM3,24
8F7OLR938W9W,15
8F7OLR938W9W,17
8F7OLR938W9W,27
FIYA2YNILLRT,3
FIYA2YNILLRT,22
FIYA2YNILLRT,24
FIYA2YNILLRT,40
P5ZCTK29AZO3,11
P5ZCTK29AZO3,12
P5ZCTK29AZO3,15
P5ZCTK29AZO3,19
P5ZCTK29AZO3,26
P5ZCTK29AZO3,33
P5ZCTK29AZO3,34
P5ZCTK29AZO3,38
FAIYEDVQI2PV,1
FAIYEDVQI2PV,3
FAIYEDVQI2PV,16
FAIYEDVQI2PV,29
FAIYEDVQI2PV,30
FAIYEDVQI2PV,35
FAIYEDVQI2PV,36
NCNHEXG7H6CK,1
NCNHEXG7H6CK,4
NCNHEXG7H6CK,5
NCNHEXG7H6CK,7
NCNHEXG7H6CK,14
NCNHEXG7H6CK,24
NCNHEXG7H6CK,27
U46XX11X16LG,3
U46XX11X16LG,13
U46XX11X16LG,17
U46XX11X16LG,25
1H192U8LDITX,2
1H192U8LDITX,3
1H192U8LDITX,24
1H192U8LDITX,27
1H192U8LDITX,37
8SFZOWOFCMT8,1
8SFZOWOFCMT8,9
8SFZOWOFCMT8,31
8SFZOWOFCMT8,32
0M3U2TAS3WU4,4
0M3U2TAS3WU4,7
0M3U2TAS3WU4,15
0M3U2TAS3WU4,20
0M3U2TAS3WU4,26
0M3U2TAS3WU4,34
0M3U2TAS3WU4,36
0M3U2TAS3WU4,39
QR8B1474XRTW,1
QR8B1474XRTW,6
QR8B1474XRTW,14
QR8B1474XRTW,20
QR8B1474XRTW,26
QR8B1474XRTW,27
QR8B1474XRTW,33
QR8B1474XRTW,39
1D9VYZA1ZLTR,2
1D9VYZA1ZLTR,13
1D9VYZA1ZLTR,17
1D9VYZA1ZLTR,21
1D9VYZA1ZLTR,28
1D9VYZA1ZLTR,33
1D9VYZA1ZLTR,34
AORPL9W3WFUR,5
AORPL9W3WFUR,7
AORPL9W3WFUR,11
AORPL9W3WFUR,21
AORPL9W3WFUR,25
AORPL9W3WFUR,37
Z6CVRMNXN5XD,2
Z6CVRMNXN5XD,9
Z6CVRMNXN5XD,12
Z6CVRMNXN5XD,30
Z6CVRMNXN5XD,32
Z6CVRMNXN5XD,34
Z6CVRMNXN5XD,35
9L6W4XOZNSEB,2
9L6W4XOZNSEB,10
9L6W4XOZNSEB,12
9L6W4XOZNSEB,33
9L6W4XOZNSEB,34
9L6W4XOZNSEB,37
9L6W4XOZNSEB,40
W0GN8SN13WOD,8
W0GN8SN13WOD,11
W0GN8SN13WOD,16
W0GN8SN13WOD,17
W0GN8SN13WOD,21
W0GN8SN13WOD,23
W0GN8SN13WOD,33
W0GN8SN13WOD,38
ZAL7PA0GSUL0,16
ZAL7PA0GSUL0,24
ZAL7PA0GSUL0,26
ZAL7PA0GSUL0,31
ZAL7PA0GSUL0,35
ZAL7PA0GSUL0,37
F0GMMITGPE9L,9
F0GMMITGPE9L,11
F0GMMITGPE9L,13
F0GMMITGPE9L,16
F0GMMITGPE9L,17
F0GMMITGPE9L,26
F0GMMITGPE9L,27
F0GMMITGPE9L,38
F0GMMITGPE9L,39
UNOZIJ9G4Y43,8
UNOZIJ9G4Y43,18
UNOZIJ9G4Y43,25
UNOZIJ9G4Y43,26
UNOZIJ9G4Y43,29
UNOZIJ9G4Y43,34
YHUK5JVT3Y96,2
YHUK5JVT3Y96,3
YHUK5JVT3Y96,9
YHUK5JVT3Y96,17
YHUK5JVT3Y96,18
YHUK5JVT3Y96,33
YHUK5JVT3Y96,40
WYXOGBXL9TJV,5
WYXOGBXL9TJV,15
WYXOGBXL9TJV,37
LU4EOI4USC05,6
LU4EOI4USC05,12
LU4EOI4USC05,19
LU4EOI4USC05,28
LU4EOI4USC05,31
LU4EOI4USC05,35
9G1YKUOO25T7,7
9G1YKUOO25T7,23
9G1YKUOO25T7,32
9G1YKUOO25T7,35
9G1YKUOO25T7,39
TYG4RE2PD5NL,5
TYG4RE2PD5NL,7
TYG4RE2PD5NL,10
TYG4RE2PD5NL,14
TYG4RE2PD5NL,35
TYG4RE2PD5NL,40
HMENVV1D4SKZ,6
HMENVV1D4SKZ,9
HMENVV1D4SKZ,29
HMENVV1D4SKZ,32
HMENVV1D4SKZ,34
5IM033X17U6D,3
5IM033X17U6D,7
5IM033X17U6D,15
5IM033X17U6D,20
5IM033X17U6D,21
5IM033X17U6D,22
5IM033X17U6D,33
5IM033X17U6D,39
9YF96TF4A1V0,2
9YF96TF4A1V0,3
9YF96TF4A1V0,11
9YF96TF4A1V0,20
9YF96TF4A1V0,23
9YF96TF4A1V0,24
9YF96TF4A1V0,26
9YF96TF4A1V0,33
9YF96TF4A1V0,40
G0MTX2YLA25Y,3
G0MTX2YLA25Y,20
G0MTX2YLA25Y,31
G0MTX2YLA25Y,32
1LZ9GFKDHATK,8
1LZ9GFKDHATK,40
90B4NTNUTF51,3
90B4NTNUTF51,5
90B4NTNUTF51,8
90B4NTNUTF51,19
90B4NTNUTF51,23
90B4NTNUTF51,25
90B4NTNUTF51,29
5E73ZRT1WIG9,7
5E73ZRT1WIG9,20
5E73ZRT1WIG9,21
5E73ZRT1WIG9,22
5E73ZRT1WIG9,26
5E73ZRT1WIG9,38
5E73ZRT1WIG9,39
6UHXMUJOW2A6,1
6UHXMUJOW2A6,6
6UHXMUJOW2A6,16
6UHXMUJOW2A6,24
6UHXMUJOW2A6,30
6UHXMUJOW2A6,35
6UHXMUJOW2A6,37
6UHXMUJOW2A6,39
7TP7S2HY801C,8
7TP7S2HY801C,11
7TP7S2HY801C,25
7TP7S2HY801C,37
WBRRXCU9J8N4,10
WBRRXCU9J8N4,13
WBRRXCU9J8N4,35
WBRRXCU9J8N4,36
WBRRXCU9J8N4,40
SRHDYRIBET4Z,4
SRHDYRIBET4Z,9
SRHDYRIBET4Z,10
SRHDYRIBET4Z,18
SRHDYRIBET4Z,26
SRHDYRIBET4Z,31
SRHDYRIBET4Z,35
SRHDYRIBET4Z,40
VGOOVOLXMKZK,13
VGOOVOLXMKZK,15
VGOOVOLXMKZK,26
VGOOVOLXMKZK,27
VGOOVOLXMKZK,33
7FZ8JWBQOMZB,9
7FZ8JWBQOMZB,10
7FZ8JWBQOMZB,13
7FZ8JWBQOMZB,15
7FZ8JWBQOMZB,19
7FZ8JWBQOMZB,25
7FZ8JWBQOMZB,31
7FZ8JWBQOMZB,33
7FZ8JWBQOMZB,36
6WE26IMPHSPT,4
6WE26IMPHSPT,7
6WE26IMPHSPT,14
6WE26IMPHSPT,15
6WE26IMPHSPT,17
SDQT2WGZ4Z29,1
SDQT2WGZ4Z29,9
SDQT2WGZ4Z29,26
SDQT2WGZ4Z29,30
SDQT2WGZ4Z29,39
SDQT2WGZ4Z29,40
GM6SHZDXLSS9,4
GM6SHZDXLSS9,20
GM6SHZDXLSS9,25
F4DZGOFU7SVB,3
F4DZGOFU7SVB,15
F4DZGOFU7SVB,17
F4DZGOFU7SVB,24
F4DZGOFU7SVB,27
F4DZGOFU7SVB,39
DF5WXJU1TWM4,1
DF5WXJU1TWM4,2
DF5WXJU1TWM4,14
DF5WXJU1TWM4,15
DF5WXJU1TWM4,18
DF5WXJU1TWM4,28
DF5WXJU1TWM4,31
DF5WXJU1TWM4,34
DF5WXJU1TWM4,39
TUDFU60T3HBT,4
TUDFU60T3HBT,5
TUDFU60T3HBT,14
TUDFU60T3HBT,35
GHMDBPCY1PTC,3
GHMDBPCY1PTC,6
GHMDBPCY1PTC,25
GHMDBPCY1PTC,32
BHFVP068CG77,1
BHFVP068CG77,2
BHFVP068CG77,9
BHFVP068CG77,12
BHFVP068CG77,16
PMND894GGI70,2
PMND894GGI70,12
PMND894GGI70,21
PMND894GGI70,24
PMND894GGI70,28
PMND894GGI70,29
MOI6MFGL67GR,3
MOI6MFGL67GR,18
MOI6MFGL67GR,22
MOI6MFGL67GR,35
I2GFUMS3S0GQ,13
I2GFUMS3S0GQ,15
I2GFUMS3S0GQ,20
I2GFUMS3S0GQ,25
I2GFUMS3S0GQ,29
I2GFUMS3S0GQ,31
I2GFUMS3S0GQ,35
I2GFUMS3S0GQ,38
2218QPGKRJCL,8
2218QPGKRJCL,15
2218QPGKRJCL,33
2218QPGKRJCL,36
D0MBX96Q3Z7G,4
D0MBX96Q3Z7G,7
D0MBX96Q3Z7G,10
D0MBX96Q3Z7G,13
D0MBX96Q3Z7G,30
D0MBX96Q3Z7G,35
X59K1DEW1XBW,2
X59K1DEW1XBW,10
X59K1DEW1XBW,17
X59K1DEW1XBW,22
X59K1DEW1XBW,26
X59K1DEW1XBW,35
3V62LJSKAOYO,6
3V62LJSKAOYO,7
3V62LJSKAOYO,9
3V62LJSKAOYO,15
3V62LJSKAOYO,36
EF8LAGAOLJ47,8
EF8LAGAOLJ47,11
EF8LAGAOLJ47,18
EF8LAGAOLJ47,24
EF8LAGAOLJ47,26
EF8LAGAOLJ47,35
EF8LAGAOLJ47,39
EF8LAGAOLJ47,40
2FFO5EY95X52,1
2FFO5EY95X52,5
2FFO5EY95X52,12
2FFO5EY95X52,19
2FFO5EY95X52,31
2FFO5EY95X52,32
2FFO5EY95X52,40
FDKTKNRRP1Q0,2
FDKTKNRRP1Q0,9
FDKTKNRRP1Q0,12
FDKTKNRRP1Q0,25
FDKTKNRRP1Q0,30
FDKTKNRRP1Q0,34
FDKTKNRRP1Q0,35
FDKTKNRRP1Q0,37
FDKTKNRRP1Q0,40
SF3CWCNT6IEO,1
SF3CWCNT6IEO,5
SF3CWCNT6IEO,6
SF3CWCNT6IEO,23
JOS21YUX5CGK,2
JOS21YUX5CGK,19
JOS21YUX5CGK,22
JOS21YUX5CGK,23
JOS21YUX5CGK,30
JOS21YUX5CGK,33
JOS21YUX5CGK,39
DQJ42VVXDFJZ,3
DQJ42VVXDFJZ,20
DQJ42VVXDFJZ,23
DQJ42VVXDFJZ,24
DQJ42VVXDFJZ,29
DQJ42VVXDFJZ,30
DQJ42VVXDFJZ,31
DQJ42VVXDFJZ,39
HFU27K04I6YU,1
HFU27K04I6YU,7
HFU27K04I6YU,12
HFU27K04I6YU,13
HFU27K04I6YU,27
HFU27K04I6YU,29
HFU27K04I6YU,35
X8IBMCQT4MR4,3
X8IBMCQT4MR4,15
X8IBMCQT4MR4,19
X8IBMCQT4MR4,31
S1SXJELI4DDR,11
S1SXJELI4DDR,12
S1SXJELI4DDR,20
S1SXJELI4DDR,32
VG58GU57BSS4,10
VG58GU57BSS4,13
VG58GU57BSS4,15
VG58GU57BSS4,31
VG58GU57BSS4,32
VG58GU57BSS4,33
VG58GU57BSS4,40
T8EQZC74UX5A,4
T8EQZC74UX5A,8
T8EQZC74UX5A,13
T8EQZC74UX5A,19
T8EQZC74UX5A,20
T8EQZC74UX5A,21
T8EQZC74UX5A,28
T8EQZC74UX5A,35
T8EQZC74UX5A,37
FJH6FV0U8E72,4
FJH6FV0U8E72,14
FJH6FV0U8E72,17
FJH6FV0U8E72,26
FJH6FV0U8E72,32
8TNSBNI3XGPJ,16
8TNSBNI3XGPJ,38
B7SQ1TIKLRGE,4
B7SQ1TIKLRGE,6
B7SQ1TIKLRGE,10
B7SQ1TIKLRGE,15
B7SQ1TIKLRGE,26
B7SQ1TIKLRGE,33
B7SQ1TIKLRGE,38
B7SQ1TIKLRGE,40
XBFQA2KAKD8I,25
XBFQA2KAKD8I,36
XBFQA2KAKD8I,39
8K2DHE6PBSGL,4
8K2DHE6PBSGL,8
8K2DHE6PBSGL,11
8K2DHE6PBSGL,33
8K73AMFHIVZI,7
8K73AMFHIVZI,25
8K73AMFHIVZI,27
KT31M1958DMI,6
KT31M1958DMI,13
KT31M1958DMI,15
KT31M1958DMI,26
KT31M1958DMI,32
E9W8CLBZEUOW,9
E9W8CLBZEUOW,15
E9W8CLBZEUOW,17
E9W8CLBZEUOW,37
E9W8CLBZEUOW,38
E9W8CLBZEUOW,39
PJ4RQ9D99522,31
PJ4RQ9D99522,36
PJ4RQ9D99522,39
8YONO5O94YEW,2
8YONO5O94YEW,12
8YONO5O94YEW,30
8YONO5O94YEW,34
LREF3759BLMA,2
LREF3759BLMA,10
LREF3759BLMA,13
LREF3759BLMA,27
LREF3759BLMA,35
MVVP7TDJ86NH,1
MVVP7TDJ86NH,2
MVVP7TDJ86NH,4
MVVP7TDJ86NH,28
MVVP7TDJ86NH,31
MVVP7TDJ86NH,33
70XWFUSXRLHA,4
70XWFUSXRLHA,6
70XWFUSXRLHA,19
70XWFUSXRLHA,22
70XWFUSXRLHA,33
70XWFUSXRLHA,36
NAXM5FROWXJM,6
NAXM5FROWXJM,11
NAXM5FROWXJM,18
NAXM5FROWXJM,34
T4KKIX7FGSXS,6
T4KKIX7FGSXS,16
T4KKIX7FGSXS,17
T4KKIX7FGSXS,27
8ECLYZ55HNUQ,5
8ECLYZ55HNUQ,6
8ECLYZ55HNUQ,14
8ECLYZ55HNUQ,18
8ECLYZ55HNUQ,21
8ECLYZ55HNUQ,23
8ECLYZ55HNUQ,26
8ECLYZ55HNUQ,29
8ECLYZ55HNUQ,30
6UI60JNHDYIQ,3
6UI60JNHDYIQ,6
6UI60JNHDYIQ,13
6UI60JNHDYIQ,38
6UI60JNHDYIQ,40
LM9QEX3QGDTO,2
LM9QEX3QGDTO,3
LM9QEX3QGDTO,5
LM9QEX3QGDTO,21
LM9QEX3QGDTO,30
LM9QEX3QGDTO,32
LM9QEX3QGDTO,33
LM9QEX3QGDTO,38
LM9QEX3QGDTO,39
ITLRX0GGGK30,11
ITLRX0GGGK30,19
ITLRX0GGGK30,29
ITLRX0GGGK30,30
ITLRX0GGGK30,39
ITLRX0GGGK30,40
ODIAJII1KG5Z,9
ODIAJII1KG5Z,12
ODIAJII1KG5Z,17
ODIAJII1KG5Z,25
ODIAJII1KG5Z,29
ODIAJII1KG5Z,36
MQZ3W7MR0W1F,2
MQZ3W7MR0W1F,8
MQZ3W7MR0W1F,26
MQZ3W7MR0W1F,32
MQZ3W7MR0W1F,35
09ZZB1ICIDE8,1
09ZZB1ICIDE8,2
09ZZB1ICIDE8,11
09ZZB1ICIDE8,15
09ZZB1ICIDE8,16
09ZZB1ICIDE8,23
09ZZB1ICIDE8,33
09ZZB1ICIDE8,38
EBWCG9U1UJM2,6
EBWCG9U1UJM2,9
EBWCG9U1UJM2,11
EBWCG9U1UJM2,13
EBWCG9U1UJM2,15
EBWCG9U1UJM2,16
EBWCG9U1UJM2,34
J7X6B5NKR062,18
J7X6B5NKR062,28
J7X6B5NKR062,30
J7X6B5NKR062,36
J7X6B5NKR062,40
FJ9R0C5QDK4J,1
FJ9R0C5QDK4J,15
FJ9R0C5QDK4J,16
FJ9R0C5QDK4J,17
FJ9R0C5QDK4J,18
FJ9R0C5QDK4J,23
FJ9R0C5QDK4J,32
FJ9R0C5QDK4J,40
GQM91RV0VDQN,6
GQM91RV0VDQN,8
GQM91RV0VDQN,13
GQM91RV0VDQN,22
GQM91RV0VDQN,26
GQM91RV0VDQN,31
50VCLYTILP2E,2
50VCLYTILP2E,10
50VCLYTILP2E,13
50VCLYTILP2E,15
50VCLYTILP2E,30
ZGE218H705YE,1
ZGE218H705YE,12
ZGE218H705YE,16
ZGE218H705YE,17
ZGE218H705YE,26
ZGE218H705YE,30
ZGE218H705YE,33
ZGE218H705YE,34
ZGE218H705YE,37
PVT6ML3QZGFG,5
PVT6ML3QZGFG,9
PVT6ML3QZGFG,11
PVT6ML3QZGFG,20
PVT6ML3QZGFG,27
PVT6ML3QZGFG,33
4QXALO2B66D8,17
4QXALO2B66D8,26
4QXALO2B66D8,39
4QXALO2B66D8,40
2EFO6VES8A58,1
2EFO6VES8A58,5
2EFO6VES8A58,18
2EFO6VES8A58,36
YZZQSKX9T9H3,3
YZZQSKX9T9H3,4
YZZQSKX9T9H3,12
YZZQSKX9T9H3,13
YZZQSKX9T9H3,22
YZZQSKX9T9H3,26
YZZQSKX9T9H3,30
PGG97LVXC8QP,6
PGG97LVXC8QP,10
PGG97LVXC8QP,16
PGG97LVXC8QP,17
PGG97LVXC8QP,33
PGG97LVXC8QP,35
TFI8SPEULQO6,13
TFI8SPEULQO6,21
TFI8SPEULQO6,31
TFI8SPEULQO6,33
9E7XDI7OYOBR,2
9E7XDI7OYOBR,7
9E7XDI7OYOBR,10
9E7XDI7OYOBR,14
9E7XDI7OYOBR,17
9E7XDI7OYOBR,26
9E7XDI7OYOBR,30
9E7XDI7OYOBR,38
9UVR9ZNLXATW,8
9UVR9ZNLXATW,10
9UVR9ZNLXATW,13
9UVR9ZNLXATW,17
9UVR9ZNLXATW,18
9UVR9ZNLXATW,32
9UVR9ZNLXATW,37
X3EZPWBOIQLO,6
X3EZPWBOIQLO,23
X3EZPWBOIQLO,24
X3EZPWBOIQLO,26
X3EZPWBOIQLO,27
X3EZPWBOIQLO,34
X3EZPWBOIQLO,39
JL2SILN6Y3BK,7
JL2SILN6Y3BK,28
JL2SILN6Y3BK,29
CVWE47L59014,2
CVWE47L59014,15
CVWE47L59014,33
CVWE47L59014,34
CVWE47L59014,38
YIFUI5MA1E8R,9
YIFUI5MA1E8R,17
YIFUI5MA1E8R,34
T8AY3W2K3CZY,10
T8AY3W2K3CZY,26
T8AY3W2K3CZY,30
7YJSA4VJHXJD,10
7YJSA4VJHXJD,15
7YJSA4VJHXJD,18
7YJSA4VJHXJD,26
7YJSA4VJHXJD,30
BJ9Q7SHWHMO5,5
BJ9Q7SHWHMO5,7
BJ9Q7SHWHMO5,10
BJ9Q7SHWHMO5,12
BJ9Q7SHWHMO5,24
BJ9Q7SHWHMO5,28
BJ9Q7SHWHMO5,35
X5C3R3198GBM,8
X5C3R3198GBM,12
X5C3R3198GBM,36
X5C3R3198GBM,37
FNI6DACBMAEK,13
FNI6DACBMAEK,14
FNI6DACBMAEK,30
FNI6DACBMAEK,37
2DOJU56452NS,2
2DOJU56452NS,15
2DOJU56452NS,16
2DOJU56452NS,24
2DOJU56452NS,34
2DOJU56452NS,35
2DOJU56452NS,38
2DOJU56452NS,40
YHX0CSOFF68F,7
YHX0CSOFF68F,16
YHX0CSOFF68F,28
YHX0CSOFF68F,33
YHX0CSOFF68F,36
F9I4S62CPSOU,4
F9I4S62CPSOU,9
F9I4S62CPSOU,26
AVP8R7ZAIYGV,8
AVP8R7ZAIYGV,24
AVP8R7ZAIYGV,25
AVP8R7ZAIYGV,30
AWPBYIKZU2IZ,2
AWPBYIKZU2IZ,10
AWPBYIKZU2IZ,11
AWPBYIKZU2IZ,19
AWPBYIKZU2IZ,21
AWPBYIKZU2IZ,22
AWPBYIKZU2IZ,27
AWPBYIKZU2IZ,36
T73HQYATK7TO,1
T73HQYATK7TO,4
T73HQYATK7TO,6
T73HQYATK7TO,8
T73HQYATK7TO,10
T73HQYATK7TO,35
T73HQYATK7TO,38
1UEORO0B111R,5
1UEORO0B111R,12
1UEORO0B111R,17
1UEORO0B111R,30
1UEORO0B111R,38
1UEORO0B111R,40
F9NM2CVXZX4Q,2
F9NM2CVXZX4Q,9
F9NM2CVXZX4Q,17
F9NM2CVXZX4Q,18
F9NM2CVXZX4Q,26
F9NM2CVXZX4Q,30
F9NM2CVXZX4Q,31
F9NM2CVXZX4Q,34
F9NM2CVXZX4Q,35
LR29BL4LGQ4N,2
LR29BL4LGQ4N,7
LR29BL4LGQ4N,11
LR29BL4LGQ4N,28
LR29BL4LGQ4N,35
LR29BL4LGQ4N,38
417NLJGD2Q3X,6
417NLJGD2Q3X,11
417NLJGD2Q3X,19
ODE2MNRP6MRF,6
ODE2MNRP6MRF,13
ODE2MNRP6MRF,19
ODE2MNRP6MRF,22
ODE2MNRP6MRF,25
LW3W0ZMF3QL6,4
LW3W0ZMF3QL6,16
LW3W0ZMF3QL6,19
LW3W0ZMF3QL6,24
LW3W0ZMF3QL6,26
LW3W0ZMF3QL6,30
LW3W0ZMF3QL6,35
LW3W0ZMF3QL6,36
GFD9E9DW8KC3,2
GFD9E9DW8KC3,3
GFD9E9DW8KC3,18
GFD9E9DW8KC3,26
5OW44W9HKWE6,5
5OW44W9HKWE6,12
5OW44W9HKWE6,29
5OW44W9HKWE6,30
5OW44W9HKWE6,33
5OW44W9HKWE6,35
5OW44W9HKWE6,39
ZF27F7MLUQDV,2
ZF27F7MLUQDV,6
ZF27F7MLUQDV,12
ZF27F7MLUQDV,13
ZF27F7MLUQDV,15
ZF27F7MLUQDV,16
ZF27F7MLUQDV,20
ZF27F7MLUQDV,23
ZF27F7MLUQDV,39
7CG64N2VYJ29,6
7CG64N2VYJ29,11
7CG64N2VYJ29,18
7CG64N2VYJ29,30
BLNWAJCZGEMY,18
BLNWAJCZGEMY,26
BLNWAJCZGEMY,28
BLNWAJCZGEMY,30
BLNWAJCZGEMY,33
BLNWAJCZGEMY,34
KQI0C0S7TTHF,10
KQI0C0S7TTHF,11
KQI0C0S7TTHF,14
KQI0C0S7TTHF,38
MRB8392C7E6V,2
MRB8392C7E6V,6
MRB8392C7E6V,8
MRB8392C7E6V,12
MRB8392C7E6V,25
MRB8392C7E6V,28
MRB8392C7E6V,29
MRB8392C7E6V,38
MRB8392C7E6V,40
XK1KMFN6Q1AL,9
XK1KMFN6Q1AL,11
XK1KMFN6Q1AL,15
XK1KMFN6Q1AL,25
XK1KMFN6Q1AL,34
XK1KMFN6Q1AL,36
0LXXM953KRQI,7
0LXXM953KRQI,8
0LXXM953KRQI,9
0LXXM953KRQI,10
0LXXM953KRQI,11
0LXXM953KRQI,18
0LXXM953KRQI,20
0LXXM953KRQI,22
0LXXM953KRQI,23
N2AQX26A6JZ3,10
N2AQX26A6JZ3,14
N2AQX26A6JZ3,15
N2AQX26A6JZ3,20
N2AQX26A6JZ3,26
N2AQX26A6JZ3,29
N2AQX26A6JZ3,32
48JNYUTVGPIH,13
48JNYUTVGPIH,18
48JNYUTVGPIH,28
MR2RF9ZKXNVX,14
MR2RF9ZKXNVX,15
MR2RF9ZKXNVX,34
MR2RF9ZKXNVX,40
3PR1QM7PH50R,9
3PR1QM7PH50R,13
3PR1QM7PH50R,19
3PR1QM7PH50R,29
3PR1QM7PH50R,32
3D8BFBIZ3VFD,3
3D8BFBIZ3VFD,11
3D8BFBIZ3VFD,13
3D8BFBIZ3VFD,22
3D8BFBIZ3VFD,25
3D8BFBIZ3VFD,29
3D8BFBIZ3VFD,37
3D8BFBIZ3VFD,39
I2C7Z9LMKVH2,5
I2C7Z9LMKVH2,12
I2C7Z9LMKVH2,18
I2C7Z9LMKVH2,31
I2C7Z9LMKVH2,32
VQSRBBQAR4D0,5
VQSRBBQAR4D0,11
VQSRBBQAR4D0,15
VQSRBBQAR4D0,20
VQSRBBQAR4D0,37
QV71WF40SFZM,4
QV71WF40SFZM,7
QV71WF40SFZM,8
QV71WF40SFZM,14
QV71WF40SFZM,15
QV71WF40SFZM,34
ICNEKWDD8O8K,1
ICNEKWDD8O8K,12
ICNEKWDD8O8K,14
ICNEKWDD8O8K,16
ICNEKWDD8O8K,21
ICNEKWDD8O8K,26
OC64XORMDNEN,2
OC64XORMDNEN,16
OC64XORMDNEN,28
OC64XORMDNEN,32
OC64XORMDNEN,36
NLN0PMT4ECHY,3
NLN0PMT4ECHY,5
NLN0PMT4ECHY,13
NLN0PMT4ECHY,23
NLN0PMT4ECHY,31
LQRX83CK5T67,8
LQRX83CK5T67,15
LQRX83CK5T67,16
LQRX83CK5T67,20
LQRX83CK5T67,23
LQRX83CK5T67,29
LQRX83CK5T67,36
LQRX83CK5T67,39
8FCPGPFVXVZY,2
8FCPGPFVXVZY,8
8FCPGPFVXVZY,11
8FCPGPFVXVZY,18
8FCPGPFVXVZY,20
8FCPGPFVXVZY,23
8FCPGPFVXVZY,37
HHW0R2LX9AKY,2
HHW0R2LX9AKY,5
HHW0R2LX9AKY,6
HHW0R2LX9AKY,16
HHW0R2LX9AKY,22
HHW0R2LX9AKY,36
HHW0R2LX9AKY,37
HHW0R2LX9AKY,40
SK9LH3RIUA0N,11
SK9LH3RIUA0N,13
SK9LH3RIUA0N,14
SK9LH3RIUA0N,30
W86C1Q8UAVKI,5
W86C1Q8UAVKI,6
W86C1Q8UAVKI,8
W86C1Q8UAVKI,22
W86C1Q8UAVKI,32
W86C1Q8UAVKI,33
W86C1Q8UAVKI,35
5D8V1O08JGJB,5
5D8V1O08JGJB,13
5D8V1O08JGJB,17
5D8V1O08JGJB,18
5D8V1O08JGJB,35
GY4V6QEN3XNT,2
GY4V6QEN3XNT,4
GY4V6QEN3XNT,5
GY4V6QEN3XNT,11
GY4V6QEN3XNT,27
GY4V6QEN3XNT,33
GY4V6QEN3XNT,35
GY4V6QEN3XNT,37
L8FWEL22QXFU,3
L8FWEL22QXFU,11
L8FWEL22QXFU,21
L8FWEL22QXFU,22
L8FWEL22QXFU,28
L8FWEL22QXFU,29
L8FWEL22QXFU,30
JAXUX5P2WN92,4
JAXUX5P2WN92,9
JAXUX5P2WN92,13
JAXUX5P2WN92,15
JAXUX5P2WN92,19
JAXUX5P2WN92,22
JAXUX5P2WN92,26
JAXUX5P2WN92,37
7E82XYQLCAIG,5
7E82XYQLCAIG,7
7E82XYQLCAIG,16
Z9CL5R255WW8,6
Z9CL5R255WW8,10
Z9CL5R255WW8,13
Z9CL5R255WW8,27
Z9CL5R255WW8,29
Z9CL5R255WW8,33
Z9CL5R255WW8,37
Z9CL5R255WW8,38
32X94KV88GGF,10
32X94KV88GGF,11
32X94KV88GGF,28
32X94KV88GGF,30
32X94KV88GGF,33
5JLTQZSXZMGW,2
5JLTQZSXZMGW,5
5JLTQZSXZMGW,10
5JLTQZSXZMGW,16
5JLTQZSXZMGW,19
5JLTQZSXZMGW,21
5JLTQZSXZMGW,26
5JLTQZSXZMGW,40
34VL3RFAWIIR,26
34VL3RFAWIIR,29
34VL3RFAWIIR,38
S7YLI2PZZREY,18
S7YLI2PZZREY,31
S7YLI2PZZREY,35
JYOVBEY6807M,4
JYOVBEY6807M,14
JYOVBEY6807M,20
JYOVBEY6807M,30
JYOVBEY6807M,33
JYOVBEY6807M,34
JYOVBEY6807M,35
JYOVBEY6807M,39
JYOVBEY6807M,40
F4EJO9Y7RZ53,12
F4EJO9Y7RZ53,13
F4EJO9Y7RZ53,18
F4EJO9Y7RZ53,25
F4EJO9Y7RZ53,27
F4EJO9Y7RZ53,34
F4EJO9Y7RZ53,39
M3A1XHRICB9A,2
M3A1XHRICB9A,6
M3A1XHRICB9A,8
M3A1XHRICB9A,9
M3A1XHRICB9A,25
M3A1XHRICB9A,30
M3A1XHRICB9A,36
M3A1XHRICB9A,37
I4K7NW6ZF5OS,10
I4K7NW6ZF5OS,14
I4K7NW6ZF5OS,22
I4K7NW6ZF5OS,26
I4K7NW6ZF5OS,35
G3CIU2MX45Z8,14
G3CIU2MX45Z8,19
G3CIU2MX45Z8,29
G3CIU2MX45Z8,34
G3CIU2MX45Z8,37
DZSU215QW929,1
DZSU215QW929,9
DZSU215QW929,21
DZSU215QW929,26
2P622TH89S45,29
2P622TH89S45,30
2P622TH89S45,31
2P622TH89S45,35
QHZLT66MNY0O,5
QHZLT66MNY0O,6
QHZLT66MNY0O,7
QHZLT66MNY0O,9
QHZLT66MNY0O,10
QHZLT66MNY0O,18
QHZLT66MNY0O,20
QHZLT66MNY0O,37
O7BE8UQPZ0QH,9
O7BE8UQPZ0QH,14
O7BE8UQPZ0QH,15
O7BE8UQPZ0QH,24
O7BE8UQPZ0QH,25
G6M1D3C9YPF4,1
G6M1D3C9YPF4,5
G6M1D3C9YPF4,31
G6M1D3C9YPF4,33
G6M1D3C9YPF4,34
G6M1D3C9YPF4,38
G6M1D3C9YPF4,39
AXQ50XCE4AVB,22
AXQ50XCE4AVB,27
AXQ50XCE4AVB,32
AXQ50XCE4AVB,40
FOZMVLO9BBF2,2
FOZMVLO9BBF2,11
FOZMVLO9BBF2,12
FOZMVLO9BBF2,18
FOZMVLO9BBF2,27
FOZMVLO9BBF2,37
C76UCKIM8CFW,5
C76UCKIM8CFW,10
C76UCKIM8CFW,14
C76UCKIM8CFW,28
PUGOUL27R1ND,3
PUGOUL27R1ND,15
PUGOUL27R1ND,32
PUGOUL27R1ND,37
PUGOUL27R1ND,39
LWU70WV4O208,13
LWU70WV4O208,14
LWU70WV4O208,16
LWU70WV4O208,19
LWU70WV4O208,28
LWU70WV4O208,32
B1BWELCKNREI,3
B1BWELCKNREI,4
B1BWELCKNREI,7
B1BWELCKNREI,12
B1BWELCKNREI,13
B1BWELCKNREI,17
B1BWELCKNREI,20
B1BWELCKNREI,29
B1BWELCKNREI,30
GY7FS6MTG750,8
GY7FS6MTG750,16
GY7FS6MTG750,27
8Z505ZDBUMTR,2
8Z505ZDBUMTR,3
8Z505ZDBUMTR,12
8Z505ZDBUMTR,13
8Z505ZDBUMTR,19
8Z505ZDBUMTR,30
D5B7IBVM8JFH,5
D5B7IBVM8JFH,7
D5B7IBVM8JFH,18
D5B7IBVM8JFH,24
D5B7IBVM8JFH,27
D5B7IBVM8JFH,30
D5B7IBVM8JFH,37
D5B7IBVM8JFH,38
JT2UPHZ81AJV,12
JT2UPHZ81AJV,15
JT2UPHZ81AJV,28
JT2UPHZ81AJV,33
YFQRGM9E4Q7I,2
YFQRGM9E4Q7I,5
YFQRGM9E4Q7I,11
ZN8QK6IVTUIU,18
ZN8QK6IVTUIU,19
ZN8QK6IVTUIU,25
ZN8QK6IVTUIU,29
ZN8QK6IVTUIU,30
ZN8QK6IVTUIU,34
M9KX2YUCHVYM,1
M9KX2YUCHVYM,27
M9KX2YUCHVYM,32
AZHS7O9D2JV3,3
AZHS7O9D2JV3,5
AZHS7O9D2JV3,6
AZHS7O9D2JV3,16
AZHS7O9D2JV3,22
AZHS7O9D2JV3,26
AZHS7O9D2JV3,29
GIA9W6O7UJV2,9
GIA9W6O7UJV2,12
GIA9W6O7UJV2,14
GIA9W6O7UJV2,26
GIA9W6O7UJV2,40
8GKS9K0KNZZX,2
8GKS9K0KNZZX,3
8GKS9K0KNZZX,4
8GKS9K0KNZZX,8
8GKS9K0KNZZX,11
8GKS9K0KNZZX,17
8GKS9K0KNZZX,27
8GKS9K0KNZZX,29
8GKS9K0KNZZX,35
GLVCN319Z0SA,5
GLVCN319Z0SA,11
GLVCN319Z0SA,15
GLVCN319Z0SA,18
GLVCN319Z0SA,23
GLVCN319Z0SA,27
GLVCN319Z0SA,30
GLVCN319Z0SA,34
DISL3EFTIDMS,13
DISL3EFTIDMS,16
DISL3EFTIDMS,34
DISL3EFTIDMS,38
DISL3EFTIDMS,39
7OVD0AMRVW65,16
7OVD0AMRVW65,18
7OVD0AMRVW65,25
7OVD0AMRVW65,26
7OVD0AMRVW65,27
7OVD0AMRVW65,31
7OVD0AMRVW65,34
BI39HPSBSEEY,2
BI39HPSBSEEY,5
BI39HPSBSEEY,7
BI39HPSBSEEY,8
BI39HPSBSEEY,14
BI39HPSBSEEY,21
BI39HPSBSEEY,23
BI39HPSBSEEY,37
ZED06DHYVMJM,2
ZED06DHYVMJM,3
ZED06DHYVMJM,16
ZED06DHYVMJM,29
ZED06DHYVMJM,35
CG30QM12I14V,2
CG30QM12I14V,5
CG30QM12I14V,7
CG30QM12I14V,15
CG30QM12I14V,16
CG30QM12I14V,18
VTPXY5O6H1HD,2
VTPXY5O6H1HD,5
VTPXY5O6H1HD,7
VTPXY5O6H1HD,8
VTPXY5O6H1HD,18
VTPXY5O6H1HD,24
VTPXY5O6H1HD,26
VTPXY5O6H1HD,33
VTPXY5O6H1HD,35
FXPDK62GLM13,10
FXPDK62GLM13,11
FXPDK62GLM13,19
FXPDK62GLM13,24
FXPDK62GLM13,30
NCZR3JF406Q1,4
NCZR3JF406Q1,11
NCZR3JF406Q1,19
NCZR3JF406Q1,33
WEHQEJ5ANJT5,1
WEHQEJ5ANJT5,37
WEHQEJ5ANJT5,40
WKEU9H4TBENO,1
WKEU9H4TBENO,7
WKEU9H4TBENO,17
WKEU9H4TBENO,18
WKEU9H4TBENO,34
WKEU9H4TBENO,35
FME5G7KC4DG5,6
FME5G7KC4DG5,26
FME5G7KC4DG5,30
9FO6SVBFWC01,1
9FO6SVBFWC01,8
9FO6SVBFWC01,13
9FO6SVBFWC01,16
9FO6SVBFWC01,29
9FO6SVBFWC01,37
WUN44Q3F64YA,2
WUN44Q3F64YA,8
WUN44Q3F64YA,13
WUN44Q3F64YA,15
WUN44Q3F64YA,20
WUN44Q3F64YA,26
WUN44Q3F64YA,27
WUN44Q3F64YA,36
P9HFQIT18X7N,4
P9HFQIT18X7N,12
P9HFQIT18X7N,18
P9HFQIT18X7N,29
P9HFQIT18X7N,34
24OMI368Q1VM,2
24OMI368Q1VM,9
24OMI368Q1VM,29
24OMI368Q1VM,30
24OMI368Q1VM,35
24OMI368Q1VM,37
24OMI368Q1VM,39
EWMHKBH0E9BO,1
EWMHKBH0E9BO,6
EWMHKBH0E9BO,17
EWMHKBH0E9BO,20
EWMHKBH0E9BO,29
EWMHKBH0E9BO,31
80EBPMAO2YNP,2
80EBPMAO2YNP,9
80EBPMAO2YNP,11
80EBPMAO2YNP,16
80EBPMAO2YNP,22
80EBPMAO2YNP,26
2IU4CMBYNE6V,11
2IU4CMBYNE6V,13
2IU4CMBYNE6V,24
2IU4CMBYNE6V,25
2IU4CMBYNE6V,37
Y256AMHVRCL3,5
Y256AMHVRCL3,8
Y256AMHVRCL3,15
Y256AMHVRCL3,18
Y256AMHVRCL3,20
Y256AMHVRCL3,40
VNFZSMII1PZ7,3
VNFZSMII1PZ7,12
VNFZSMII1PZ7,15
VNFZSMII1PZ7,21
VNFZSMII1PZ7,28
VNFZSMII1PZ7,32
VNFZSMII1PZ7,33
VNFZSMII1PZ7,37
061VH0SF3R58,14
061VH0SF3R58,16
061VH0SF3R58,40
K2DSA30VF3ZV,1
K2DSA30VF3ZV,6
K2DSA30VF3ZV,25
K2DSA30VF3ZV,32
K2DSA30VF3ZV,39
OBVEN9VIVJTM,5
OBVEN9VIVJTM,17
OBVEN9VIVJTM,21
OBVEN9VIVJTM,37
CZIHGHLT3JJW,6
CZIHGHLT3JJW,8
CZIHGHLT3JJW,13
CZIHGHLT3JJW,16
CZIHGHLT3JJW,18
CZIHGHLT3JJW,25
QQ2IZYK9617D,2
QQ2IZYK9617D,3
QQ2IZYK9617D,26
GS5C0Z0HCPMD,6
GS5C0Z0HCPMD,10
GS5C0Z0HCPMD,30
GS5C0Z0HCPMD,35
AW980KKDDZ4W,3
AW980KKDDZ4W,4
AW980KKDDZ4W,12
AW980KKDDZ4W,16
AW980KKDDZ4W,22
AW980KKDDZ4W,31
AW980KKDDZ4W,33
AW980KKDDZ4W,35
AW980KKDDZ4W,40
WLWEV2SJVKLK,14
WLWEV2SJVKLK,19
WLWEV2SJVKLK,25
D1F8RE4D41GC,6
D1F8RE4D41GC,10
D1F8RE4D41GC,25
D1F8RE4D41GC,33
D1F8RE4D41GC,39
USRB3HLXRJ7M,20
USRB3HLXRJ7M,26
USRB3HLXRJ7M,29
USRB3HLXRJ7M,37
USRB3HLXRJ7M,38
USRB3HLXRJ7M,39
FPCW7BPU3RXA,3
FPCW7BPU3RXA,5
FPCW7BPU3RXA,13
FPCW7BPU3RXA,16
FPCW7BPU3RXA,17
FPCW7BPU3RXA,22
FPCW7BPU3RXA,27
N0IA4HK7VVYK,4
N0IA4HK7VVYK,7
N0IA4HK7VVYK,15
N0IA4HK7VVYK,17
N0IA4HK7VVYK,19
N0IA4HK7VVYK,30
N0IA4HK7VVYK,33
46A2DD4BTDAM,19
46A2DD4BTDAM,31
46A2DD4BTDAM,32
46A2DD4BTDAM,33
46A2DD4BTDAM,34
46A2DD4BTDAM,37
9JPE7GPD3MKD,6
9JPE7GPD3MKD,9
9JPE7GPD3MKD,12
9JPE7GPD3MKD,15
9JPE7GPD3MKD,25
9JPE7GPD3MKD,29
TO81OKENICN5,6
TO81OKENICN5,11
TO81OKENICN5,21
TO81OKENICN5,28
TO81OKENICN5,37
TO81OKENICN5,38
TO81OKENICN5,39
TO81OKENICN5,40
E9OSMX52OBYN,11
E9OSMX52OBYN,20
E9OSMX52OBYN,33
E9OSMX52OBYN,38
I18LX7DHDNHM,5
I18LX7DHDNHM,17
I18LX7DHDNHM,36
08XSLJ0FQDKP,14
08XSLJ0FQDKP,16
08XSLJ0FQDKP,19
08XSLJ0FQDKP,32
08XSLJ0FQDKP,36
08XSLJ0FQDKP,39
TKMK1DXKL7EE,5
TKMK1DXKL7EE,7
TKMK1DXKL7EE,14
TKMK1DXKL7EE,25
TKMK1DXKL7EE,37
TKMK1DXKL7EE,39
TKMK1DXKL7EE,40
DH4O9IK8IVSU,5
DH4O9IK8IVSU,8
DH4O9IK8IVSU,11
DH4O9IK8IVSU,14
DH4O9IK8IVSU,32
Q8Y6PI5DRM2J,2
Q8Y6PI5DRM2J,17
Q8Y6PI5DRM2J,33
R1KBO9UTI5P1,2
R1KBO9UTI5P1,15
R1KBO9UTI5P1,23
R1KBO9UTI5P1,30
W2H4XZ73U47X,4
W2H4XZ73U47X,5
W2H4XZ73U47X,10
W2H4XZ73U47X,24
W2H4XZ73U47X,32
W2H4XZ73U47X,36
W2H4XZ73U47X,38
P3SE5M9CF3FG,7
P3SE5M9CF3FG,10
P3SE5M9CF3FG,19
P3SE5M9CF3FG,31
WTIW0D8XM594,2
WTIW0D8XM594,4
WTIW0D8XM594,7
WTIW0D8XM594,18
WTIW0D8XM594,22
WTIW0D8XM594,27
WTIW0D8XM594,31
WTIW0D8XM594,38
IRI9SX0KXASC,1
IRI9SX0KXASC,13
IRI9SX0KXASC,14
IRI9SX0KXASC,16
IRI9SX0KXASC,20
IRI9SX0KXASC,21
IRI9SX0KXASC,39
ANRWR5PK7PC9,4
ANRWR5PK7PC9,17
ANRWR5PK7PC9,23
JRJD0NTK5JQ1,4
JRJD0NTK5JQ1,12
JRJD0NTK5JQ1,22
JRJD0NTK5JQ1,27
SNX2GXEBW5T0,1
SNX2GXEBW5T0,5
SNX2GXEBW5T0,11
SNX2GXEBW5T0,12
SNX2GXEBW5T0,20
SNX2GXEBW5T0,28
SNX2GXEBW5T0,32
SNX2GXEBW5T0,36
PMRA9Q4UBF27,1
PMRA9Q4UBF27,12
PMRA9Q4UBF27,19
PMRA9Q4UBF27,29
PMRA9Q4UBF27,31
A0VF0YYPI05E,2
A0VF0YYPI05E,10
A0VF0YYPI05E,18
A0VF0YYPI05E,29
A0VF0YYPI05E,31
A0VF0YYPI05E,34
A0VF0YYPI05E,35
A0VF0YYPI05E,40
33ANE74QUL5C,11
33ANE74QUL5C,16
33ANE74QUL5C,24
33ANE74QUL5C,27
33ANE74QUL5C,31
I7SAD034BKM6,1
I7SAD034BKM6,10
I7SAD034BKM6,11
Q4B1J0OVT01T,11
Q4B1J0OVT01T,20
Q4B1J0OVT01T,39
Q4B1J0OVT01T,40
U51GHTJK93W1,2
U51GHTJK93W1,6
U51GHTJK93W1,9
U51GHTJK93W1,14
U51GHTJK93W1,16
U51GHTJK93W1,26
U51GHTJK93W1,29
U51GHTJK93W1,34
6KC9CHCVVG45,10
6KC9CHCVVG45,26
6KC9CHCVVG45,31
MC4GDQTGC303,3
MC4GDQTGC303,10
MC4GDQTGC303,13
MC4GDQTGC303,16
MC4GDQTGC303,26
MC4GDQTGC303,29
EWXNIQ6B45EZ,2
EWXNIQ6B45EZ,3
EWXNIQ6B45EZ,4
EWXNIQ6B45EZ,13
EWXNIQ6B45EZ,23
EWXNIQ6B45EZ,31
EWXNIQ6B45EZ,36
GWMMMT78HKXC,4
GWMMMT78HKXC,7
GWMMMT78HKXC,9
GWMMMT78HKXC,12
GWMMMT78HKXC,18
GWMMMT78HKXC,22
GWMMMT78HKXC,34
GWMMMT78HKXC,35
QO109IF7GSYD,7
QO109IF7GSYD,15
QO109IF7GSYD,18
QO109IF7GSYD,29
QO109IF7GSYD,34
13CIJLRBP228,8
13CIJLRBP228,25
13CIJLRBP228,38
LAFM03LKY5OV,1
LAFM03LKY5OV,4
LAFM03LKY5OV,6
LAFM03LKY5OV,7
LAFM03LKY5OV,11
LAFM03LKY5OV,12
LAFM03LKY5OV,17
LAFM03LKY5OV,18
LAFM03LKY5OV,29
UWBK2PN696FB,3
UWBK2PN696FB,22
UWBK2PN696FB,23
UWBK2PN696FB,24
UWBK2PN696FB,28
UWBK2PN696FB,30
2ZNQ4QOINH6F,3
2ZNQ4QOINH6F,7
2ZNQ4QOINH6F,11
2ZNQ4QOINH6F,27
ZDYZ6F09TXMG,3
ZDYZ6F09TXMG,5
ZDYZ6F09TXMG,10
ZDYZ6F09TXMG,15
ZDYZ6F09TXMG,16
ZDYZ6F09TXMG,18
ZDYZ6F09TXMG,30
ZDYZ6F09TXMG,31
ZDYZ6F09TXMG,34
E896JHHZF8RB,2
E896JHHZF8RB,20
E896JHHZF8RB,33
E896JHHZF8RB,37
E896JHHZF8RB,38
1L72JQW2A8EZ,11
1L72JQW2A8EZ,31
1L72JQW2A8EZ,32
UOQYUQ595INC,2
UOQYUQ595INC,8
UOQYUQ595INC,21
UOQYUQ595INC,23
UOQYUQ595INC,25
UOQYUQ595INC,28
UOQYUQ595INC,33
UOQYUQ595INC,38
C50KSJ37VVSV,12
C50KSJ37VVSV,18
C50KSJ37VVSV,29
C50KSJ37VVSV,30
C50KSJ37VVSV,35
C50KSJ37VVSV,37
C50KSJ37VVSV,39
I4YLK0FXR2F2,2
I4YLK0FXR2F2,6
I4YLK0FXR2F2,25
I4YLK0FXR2F2,26
I4YLK0FXR2F2,29
TYBU2DSQDFMI,5
TYBU2DSQDFMI,8
TYBU2DSQDFMI,11
TYBU2DSQDFMI,12
TYBU2DSQDFMI,19
TYBU2DSQDFMI,30
TYBU2DSQDFMI,34
EDKIY3A7NF9Z,1
EDKIY3A7NF9Z,13
EDKIY3A7NF9Z,33
EDKIY3A7NF9Z,40
UZGJZ1U99TS9,2
UZGJZ1U99TS9,4
UZGJZ1U99TS9,7
UZGJZ1U99TS9,8
UZGJZ1U99TS9,13
UZGJZ1U99TS9,18
UZGJZ1U99TS9,31
UZGJZ1U99TS9,32
UZGJZ1U99TS9,34
6DWSB5190F78,7
6DWSB5190F78,17
6DWSB5190F78,19
6DWSB5190F78,29
OBOXQQATG4AZ,8
OBOXQQATG4AZ,26
OBOXQQATG4AZ,30
OBOXQQATG4AZ,39
4GD79IXJTXDZ,9
4GD79IXJTXDZ,10
4GD79IXJTXDZ,16
4GD79IXJTXDZ,17
4GD79IXJTXDZ,27
4GD79IXJTXDZ,33
4GD79IXJTXDZ,40
KN09WZH2RFFF,6
KN09WZH2RFFF,8
KN09WZH2RFFF,18
KN09WZH2RFFF,26
KN09WZH2RFFF,31
KN09WZH2RFFF,35
3XOZFUXUALWG,7
3XOZFUXUALWG,11
3XOZFUXUALWG,18
3XOZFUXUALWG,30
3XOZFUXUALWG,35
4050PFA8RAPJ,4
4050PFA8RAPJ,6
4050PFA8RAPJ,10
4050PFA8RAPJ,14
4050PFA8RAPJ,29
4050PFA8RAPJ,31
4050PFA8RAPJ,38
4050PFA8RAPJ,39
UI89MBIZFLV2,8
UI89MBIZFLV2,11
UI89MBIZFLV2,14
UI89MBIZFLV2,24
UI89MBIZFLV2,26
UI89MBIZFLV2,34
J5KT41EGYJH8,6
J5KT41EGYJH8,8
J5KT41EGYJH8,9
J5KT41EGYJH8,16
J5KT41EGYJH8,22
J5KT41EGYJH8,24
J5KT41EGYJH8,26
J5KT41EGYJH8,38
VLLQJ3A44ULC,1
VLLQJ3A44ULC,14
VLLQJ3A44ULC,17
VLLQJ3A44ULC,19
VLLQJ3A44ULC,23
VLLQJ3A44ULC,25
VLLQJ3A44ULC,32
VLLQJ3A44ULC,39
UGPFR4D638ML,13
UGPFR4D638ML,18
UGPFR4D638ML,24
UGPFR4D638ML,27
UGPFR4D638ML,28
UGPFR4D638ML,37
3C3C51RV7NAW,9
3C3C51RV7NAW,12
3C3C51RV7NAW,13
3C3C51RV7NAW,19
3C3C51RV7NAW,28
PPJXL47LQ3C1,16
PPJXL47LQ3C1,32
PPJXL47LQ3C1,33
PPJXL47LQ3C1,34
PPJXL47LQ3C1,38
9SZWWN3YMM91,23
9SZWWN3YMM91,24
9SZWWN3YMM91,27
9SZWWN3YMM91,30
9SZWWN3YMM91,34
9SZWWN3YMM91,35
9SZWWN3YMM91,39
BMEBDDBSAVHI,13
BMEBDDBSAVHI,32
BMEBDDBSAVHI,36
VE7TKJP4FJYT,2
VE7TKJP4FJYT,9
VE7TKJP4FJYT,16
VE7TKJP4FJYT,22
VE7TKJP4FJYT,24
VE7TKJP4FJYT,31
VE7TKJP4FJYT,38
VE7TKJP4FJYT,40
WFBASZZMP722,6
WFBASZZMP722,9
WFBASZZMP722,16
WFBASZZMP722,19
WFBASZZMP722,21
WFBASZZMP722,30
WFBASZZMP722,37
WFBASZZMP722,40
Z01AD7AY3BQL,1
Z01AD7AY3BQL,22
Z01AD7AY3BQL,34
NKQ87JGI6XAW,3
NKQ87JGI6XAW,7
NKQ87JGI6XAW,10
NKQ87JGI6XAW,26
NKQ87JGI6XAW,31
NKQ87JGI6XAW,32
NKQ87JGI6XAW,37
TEM903WDWGQH,1
TEM903WDWGQH,5
TEM903WDWGQH,19
TEM903WDWGQH,22
TEM903WDWGQH,23
TEM903WDWGQH,29
TEM903WDWGQH,32
TEM903WDWGQH,36
TTEOOKJFKI5O,27
TTEOOKJFKI5O,34
TTEOOKJFKI5O,37
OVD99JCIUH7O,22
OVD99JCIUH7O,29
OVD99JCIUH7O,31
OZ5VDIN54UTV,6
OZ5VDIN54UTV,16
OZ5VDIN54UTV,27
MHP9PPMCRHMK,2
MHP9PPMCRHMK,3
MHP9PPMCRHMK,11
MHP9PPMCRHMK,25
MHP9PPMCRHMK,27
MHP9PPMCRHMK,28
MHP9PPMCRHMK,33
B2HPXK62EDXS,15
B2HPXK62EDXS,16
B2HPXK62EDXS,40
HAB3QNPUW22Z,5
HAB3QNPUW22Z,13
HAB3QNPUW22Z,14
HAB3QNPUW22Z,17
HAB3QNPUW22Z,24
HAB3QNPUW22Z,38
RYJZF1HXWSAY,2
RYJZF1HXWSAY,3
RYJZF1HXWSAY,9
RYJZF1HXWSAY,26
GJTNB7PBVAHE,7
GJTNB7PBVAHE,16
GJTNB7PBVAHE,27
GJTNB7PBVAHE,38
N396DTT9YOUI,3
N396DTT9YOUI,8
N396DTT9YOUI,13
N396DTT9YOUI,14
N396DTT9YOUI,32
DRMRE95RYUHN,10
DRMRE95RYUHN,16
DRMRE95RYUHN,36
DRMRE95RYUHN,37
QF0AK8GXO98N,11
QF0AK8GXO98N,32
QF0AK8GXO98N,35
QVNJ54L7B6X0,4
QVNJ54L7B6X0,15
QVNJ54L7B6X0,24
QVNJ54L7B6X0,31
QVNJ54L7B6X0,37
ILKWQDUQA962,6
ILKWQDUQA962,9
ILKWQDUQA962,11
ILKWQDUQA962,13
ILKWQDUQA962,35
S8PIW8YUYIXJ,11
S8PIW8YUYIXJ,18
S8PIW8YUYIXJ,20
S8PIW8YUYIXJ,33
S8PIW8YUYIXJ,36
S8PIW8YUYIXJ,39
JFV44MYJWZEQ,7
JFV44MYJWZEQ,8
JFV44MYJWZEQ,9
JFV44MYJWZEQ,12
JFV44MYJWZEQ,16
JFV44MYJWZEQ,23
JFV44MYJWZEQ,24
JFV44MYJWZEQ,28
JFV44MYJWZEQ,29
481JY75YPNT8,2
481JY75YPNT8,8
481JY75YPNT8,25
481JY75YPNT8,27
481JY75YPNT8,31
1XS9MCPOUXEQ,6
1XS9MCPOUXEQ,9
1XS9MCPOUXEQ,19
1XS9MCPOUXEQ,28
1XS9MCPOUXEQ,29
1XS9MCPOUXEQ,35
RU69TC3RU7KG,2
RU69TC3RU7KG,6
RU69TC3RU7KG,10
RU69TC3RU7KG,18
RU69TC3RU7KG,20
RU69TC3RU7KG,24
RU69TC3RU7KG,40
VN21WWQ46SEK,7
VN21WWQ46SEK,12
VN21WWQ46SEK,18
VN21WWQ46SEK,31
VN21WWQ46SEK,33
B1SVNOSPK7IC,2
B1SVNOSPK7IC,8
B1SVNOSPK7IC,13
B1SVNOSPK7IC,14
B1SVNOSPK7IC,22
B1SVNOSPK7IC,25
B1SVNOSPK7IC,26
04YAVO822L43,2
04YAVO822L43,15
04YAVO822L43,17
04YAVO822L43,25
04YAVO822L43,29
04YAVO822L43,30
04YAVO822L43,34
04YAVO822L43,35
04YAVO822L43,40
8ZBJVQNMONK8,28
8ZBJVQNMONK8,32
8ZBJVQNMONK8,33
8ZBJVQNMONK8,34
KYPTK1ON1SGI,6
KYPTK1ON1SGI,12
KYPTK1ON1SGI,24
KYPTK1ON1SGI,30
KYPTK1ON1SGI,31
KYPTK1ON1SGI,33
CR9WSEV6MGHS,1
CR9WSEV6MGHS,24
CR9WSEV6MGHS,31
CR9WSEV6MGHS,36
CR9WSEV6MGHS,37
CR9WSEV6MGHS,39
KVWLQ9RRGR1C,2
KVWLQ9RRGR1C,6
KVWLQ9RRGR1C,9
KVWLQ9RRGR1C,14
KVWLQ9RRGR1C,19
KVWLQ9RRGR1C,21
KVWLQ9RRGR1C,29
5CQNTS9VYLX0,12
5CQNTS9VYLX0,15
5CQNTS9VYLX0,22
5CQNTS9VYLX0,26
5CQNTS9VYLX0,28
5CQNTS9VYLX0,29
5CQNTS9VYLX0,36
S4T05KP0D5P0,6
S4T05KP0D5P0,10
S4T05KP0D5P0,18
S4T05KP0D5P0,29
D6NDEHQGFGV5,7
D6NDEHQGFGV5,13
D6NDEHQGFGV5,18
D6NDEHQGFGV5,19
D6NDEHQGFGV5,21
D6NDEHQGFGV5,26
D6NDEHQGFGV5,33
D6NDEHQGFGV5,38
T4TAL0YA70CR,5
T4TAL0YA70CR,9
T4TAL0YA70CR,24
T4TAL0YA70CR,31
T4TAL0YA70CR,36
T4TAL0YA70CR,39
T4TAL0YA70CR,40
Q63DO6HYX9X2,3
Q63DO6HYX9X2,6
Q63DO6HYX9X2,10
Q63DO6HYX9X2,11
Q63DO6HYX9X2,15
Q63DO6HYX9X2,19
Q63DO6HYX9X2,21
Q63DO6HYX9X2,32
Q63DO6HYX9X2,39
Y6JB07GXV0JV,1
Y6JB07GXV0JV,18
Y6JB07GXV0JV,24
Y6JB07GXV0JV,32
8CA1207FZM5Z,1
8CA1207FZM5Z,4
8CA1207FZM5Z,6
8CA1207FZM5Z,18
8CA1207FZM5Z,25
8CA1207FZM5Z,30
8CA1207FZM5Z,36
8CA1207FZM5Z,37
6ZDQKDS9QYQF,8
6ZDQKDS9QYQF,11
6ZDQKDS9QYQF,16
6ZDQKDS9QYQF,19
6ZDQKDS9QYQF,23
6ZDQKDS9QYQF,26
6ZDQKDS9QYQF,30
6ZDQKDS9QYQF,38
DQRRKZJTGKFW,3
DQRRKZJTGKFW,21
DQRRKZJTGKFW,23
DQRRKZJTGKFW,38
4T7H76ZTTWHW,22
4T7H76ZTTWHW,23
4T7H76ZTTWHW,28
4T7H76ZTTWHW,34
4T7H76ZTTWHW,35
4T7H76ZTTWHW,36
KAVFK27HODQB,25
KAVFK27HODQB,34
KAVFK27HODQB,36
TBGV4TE3AYO1,17
TBGV4TE3AYO1,32
TBGV4TE3AYO1,38
5QQ1OOESCFYX,5
5QQ1OOESCFYX,19
5QQ1OOESCFYX,23
5QQ1OOESCFYX,24
5QQ1OOESCFYX,26
5QQ1OOESCFYX,29
5QQ1OOESCFYX,31
5QQ1OOESCFYX,35
5QQ1OOESCFYX,39
E74ANTYHK5GK,4
E74ANTYHK5GK,15
E74ANTYHK5GK,18
E74ANTYHK5GK,22
E74ANTYHK5GK,25
E74ANTYHK5GK,30
E74ANTYHK5GK,37
E74ANTYHK5GK,40
UA3D7YJHWD8M,8
UA3D7YJHWD8M,9
UA3D7YJHWD8M,10
UA3D7YJHWD8M,23
UA3D7YJHWD8M,26
UA3D7YJHWD8M,31
UA3D7YJHWD8M,32
UA3D7YJHWD8M,38
4SESZUD2PRCH,2
4SESZUD2PRCH,10
4SESZUD2PRCH,11
4SESZUD2PRCH,12
4SESZUD2PRCH,17
4SESZUD2PRCH,28
4SESZUD2PRCH,30
4SESZUD2PRCH,38
KS4DG2KGFYAS,1
KS4DG2KGFYAS,5
KS4DG2KGFYAS,11
KS4DG2KGFYAS,16
KS4DG2KGFYAS,27
KS4DG2KGFYAS,31
KS4DG2KGFYAS,33
KS4DG2KGFYAS,35
KS4DG2KGFYAS,40
L6V0VN112LHX,1
L6V0VN112LHX,10
L6V0VN112LHX,40
M90OUPCRPU88,4
M90OUPCRPU88,14
M90OUPCRPU88,28
M90OUPCRPU88,29
M90OUPCRPU88,38
RJEB5X830B61,3
RJEB5X830B61,7
RJEB5X830B61,18
RJEB5X830B61,19
RJEB5X830B61,33
RJEB5X830B61,34
RJEB5X830B61,37
RJEB5X830B61,39
Y4AST0H88UJW,15
Y4AST0H88UJW,31
Y4AST0H88UJW,35
Y4AST0H88UJW,36
3QBKDBB9XVMY,4
3QBKDBB9XVMY,10
3QBKDBB9XVMY,13
3QBKDBB9XVMY,18
3QBKDBB9XVMY,19
3QBKDBB9XVMY,25
3QBKDBB9XVMY,29
3QBKDBB9XVMY,34
FCE93RZQF32Z,10
FCE93RZQF32Z,15
FCE93RZQF32Z,29
FCE93RZQF32Z,30
FCE93RZQF32Z,34
FCE93RZQF32Z,38
DE2PMDE9ER44,18
DE2PMDE9ER44,20
DE2PMDE9ER44,34
GJYJSKPGUHBA,3
GJYJSKPGUHBA,16
GJYJSKPGUHBA,20
GJYJSKPGUHBA,26
GJYJSKPGUHBA,37
GJYJSKPGUHBA,40
T6J126AVLQEM,13
T6J126AVLQEM,14
T6J126AVLQEM,15
T6J126AVLQEM,35
T6J126AVLQEM,37
T6J126AVLQEM,38
T6J126AVLQEM,40
1IAAM1UKTCRA,2
1IAAM1UKTCRA,11
1IAAM1UKTCRA,29
1IAAM1UKTCRA,31
1IAAM1UKTCRA,36
1IAAM1UKTCRA,37
1IAAM1UKTCRA,40
6Z3DMXGZZ0I8,4
6Z3DMXGZZ0I8,13
6Z3DMXGZZ0I8,23
6Z3DMXGZZ0I8,26
6Z3DMXGZZ0I8,29
6Z3DMXGZZ0I8,32
6Z3DMXGZZ0I8,33
FN5Y9U5NJ2IY,16
FN5Y9U5NJ2IY,26
FN5Y9U5NJ2IY,27
FN5Y9U5NJ2IY,29
FN5Y9U5NJ2IY,30
FN5Y9U5NJ2IY,32
FN5Y9U5NJ2IY,36
FN5Y9U5NJ2IY,40
SH6FEBO0WFKL,12
SH6FEBO0WFKL,20
SH6FEBO0WFKL,22
SH6FEBO0WFKL,27
RVRISM4RIBIS,13
RVRISM4RIBIS,23
RVRISM4RIBIS,31
RVRISM4RIBIS,34
I4HAHNDTKGK8,4
I4HAHNDTKGK8,7
I4HAHNDTKGK8,11
I4HAHNDTKGK8,15
I4HAHNDTKGK8,18
I4HAHNDTKGK8,22
I4HAHNDTKGK8,26
I4HAHNDTKGK8,27
EQL9SMIEEMID,1
EQL9SMIEEMID,10
EQL9SMIEEMID,27
EQL9SMIEEMID,31
EQL9SMIEEMID,38
EQL9SMIEEMID,40
CL7ESOJ2VXPT,9
CL7ESOJ2VXPT,10
CL7ESOJ2VXPT,13
CL7ESOJ2VXPT,33
E1I1KPOYGNO9,4
E1I1KPOYGNO9,9
E1I1KPOYGNO9,11
E1I1KPOYGNO9,14
E1I1KPOYGNO9,18
E1I1KPOYGNO9,21
E1I1KPOYGNO9,29
E1I1KPOYGNO9,30
OOBLOW7JLD0L,3
OOBLOW7JLD0L,9
OOBLOW7JLD0L,11
OOBLOW7JLD0L,17
OOBLOW7JLD0L,20
OOBLOW7JLD0L,28
OOBLOW7JLD0L,37
B7MO4XAROXEU,5
B7MO4XAROXEU,6
B7MO4XAROXEU,9
B7MO4XAROXEU,24
B7MO4XAROXEU,31
B7MO4XAROXEU,32
B7MO4XAROXEU,35
B7MO4XAROXEU,39
UVXU7IGPAY65,13
UVXU7IGPAY65,39
3AZ7FZDTVI3I,1
3AZ7FZDTVI3I,4
3AZ7FZDTVI3I,10
3AZ7FZDTVI3I,17
3AZ7FZDTVI3I,19
3AZ7FZDTVI3I,20
I62X5ZYGVCE0,4
I62X5ZYGVCE0,5
I62X5ZYGVCE0,8
I62X5ZYGVCE0,10
XPEXSBSRU5T9,6
XPEXSBSRU5T9,26
XPEXSBSRU5T9,28
NP075LPHSMUG,5
NP075LPHSMUG,9
NP075LPHSMUG,13
NP075LPHSMUG,26
NP075LPHSMUG,29
NP075LPHSMUG,30
KZUT6G86CL1C,6
KZUT6G86CL1C,21
KZUT6G86CL1C,23
KZUT6G86CL1C,24
KZUT6G86CL1C,32
KZUT6G86CL1C,34
KZUT6G86CL1C,38
9XUTGJWLWYTV,1
9XUTGJWLWYTV,6
9XUTGJWLWYTV,10
9XUTGJWLWYTV,11
9XUTGJWLWYTV,15
9XUTGJWLWYTV,27
122K0VN3782Z,3
122K0VN3782Z,9
122K0VN3782Z,11
122K0VN3782Z,15
122K0VN3782Z,19
122K0VN3782Z,29
122K0VN3782Z,35
8WTHHRN9HPGI,5
8WTHHRN9HPGI,13
8WTHHRN9HPGI,17
8WTHHRN9HPGI,18
8WTHHRN9HPGI,33
8WTHHRN9HPGI,36
8WTHHRN9HPGI,37
CXX9HX13FW4O,7
CXX9HX13FW4O,13
CXX9HX13FW4O,17
CXX9HX13FW4O,21
CXX9HX13FW4O,22
CXX9HX13FW4O,25
CXX9HX13FW4O,32
CXX9HX13FW4O,34
CXX9HX13FW4O,36
RRSRPG2L5YSF,6
RRSRPG2L5YSF,7
RRSRPG2L5YSF,12
RRSRPG2L5YSF,20
RRSRPG2L5YSF,26
RRSRPG2L5YSF,36
RRSRPG2L5YSF,37
RRSRPG2L5YSF,38
4Z3MOPMUUXDO,2
4Z3MOPMUUXDO,5
4Z3MOPMUUXDO,30
MQ56IY6DOJ7E,7
MQ56IY6DOJ7E,13
MQ56IY6DOJ7E,21
MQ56IY6DOJ7E,27
MQ56IY6DOJ7E,30
MQ56IY6DOJ7E,33
MQ56IY6DOJ7E,37
SEUIMFULNWJ5,1
SEUIMFULNWJ5,21
SEUIMFULNWJ5,23
SEUIMFULNWJ5,24
SEUIMFULNWJ5,31
SEUIMFULNWJ5,39
I2Z2LJWNC1VD,6
I2Z2LJWNC1VD,19
I2Z2LJWNC1VD,23
I2Z2LJWNC1VD,26
I2Z2LJWNC1VD,33
I2Z2LJWNC1VD,34
I2Z2LJWNC1VD,35
I2Z2LJWNC1VD,40
O4N6Q8M0MBTV,9
O4N6Q8M0MBTV,12
O4N6Q8M0MBTV,33
O4N6Q8M0MBTV,35
O4N6Q8M0MBTV,37
O4N6Q8M0MBTV,39
P2LHPUZAMACQ,10
P2LHPUZAMACQ,12
P2LHPUZAMACQ,13
P2LHPUZAMACQ,20
P2LHPUZAMACQ,26
P2LHPUZAMACQ,32
P2LHPUZAMACQ,38
KLXPKIR1937N,15
KLXPKIR1937N,27
KLXPKIR1937N,33
UX3BBLFCY3I8,17
UX3BBLFCY3I8,18
UX3BBLFCY3I8,22
UX3BBLFCY3I8,30
UX3BBLFCY3I8,33
UX3BBLFCY3I8,38
IGTBMYJLT5ZN,2
IGTBMYJLT5ZN,6
IGTBMYJLT5ZN,25
IGTBMYJLT5ZN,36
UXKEKB6ULWXN,5
UXKEKB6ULWXN,18
UXKEKB6ULWXN,19
UXKEKB6ULWXN,35
H9EHE6USQX6M,2
H9EHE6USQX6M,6
H9EHE6USQX6M,8
H9EHE6USQX6M,18
H9EHE6USQX6M,27
H9EHE6USQX6M,29
FVNYJNG6X5U9,2
FVNYJNG6X5U9,32
FVNYJNG6X5U9,34
51I8C2FIF77I,1
51I8C2FIF77I,7
51I8C2FIF77I,11
51I8C2FIF77I,30
51I8C2FIF77I,34
KX34XE8242IP,14
KX34XE8242IP,19
KX34XE8242IP,20
KX34XE8242IP,29
KX34XE8242IP,31
KX34XE8242IP,33
KX34XE8242IP,35
8XP205X59I46,1
8XP205X59I46,4
8XP205X59I46,8
8XP205X59I46,21
8XP205X59I46,29
R2AQOFDF82IA,1
R2AQOFDF82IA,7
R2AQOFDF82IA,8
R2AQOFDF82IA,9
R2AQOFDF82IA,14
R2AQOFDF82IA,19
R2AQOFDF82IA,26
R2AQOFDF82IA,29
MFN0Q61T14DR,7
MFN0Q61T14DR,11
MFN0Q61T14DR,20
MFN0Q61T14DR,23
MFN0Q61T14DR,29
MFN0Q61T14DR,31
MFN0Q61T14DR,33
MFN0Q61T14DR,37
04RMH2HH1JKP,1
04RMH2HH1JKP,15
04RMH2HH1JKP,16
04RMH2HH1JKP,17
04RMH2HH1JKP,25
04RMH2HH1JKP,29
04RMH2HH1JKP,33
IS5X1BXDVVMH,7
IS5X1BXDVVMH,13
IS5X1BXDVVMH,15
IS5X1BXDVVMH,18
IS5X1BXDVVMH,19
IS5X1BXDVVMH,21
IS5X1BXDVVMH,28
IS5X1BXDVVMH,39
L9L9I33QCWMQ,4
L9L9I33QCWMQ,5
L9L9I33QCWMQ,6
L9L9I33QCWMQ,7
L9L9I33QCWMQ,28
L9L9I33QCWMQ,30
L9L9I33QCWMQ,33
BG6EWA1FCQZ5,4
BG6EWA1FCQZ5,7
BG6EWA1FCQZ5,24
BG6EWA1FCQZ5,25
BG6EWA1FCQZ5,38
BG6EWA1FCQZ5,39
BG6EWA1FCQZ5,40
PP6Q4IXJTF24,9
PP6Q4IXJTF24,12
PP6Q4IXJTF24,17
PP6Q4IXJTF24,21
PP6Q4IXJTF24,23
PP6Q4IXJTF24,39
PP6Q4IXJTF24,40
RBW09STGKIMW,3
RBW09STGKIMW,9
RBW09STGKIMW,38
ICKHRJO1S7AU,3
ICKHRJO1S7AU,17
ICKHRJO1S7AU,19
ICKHRJO1S7AU,20
ICKHRJO1S7AU,31
ICKHRJO1S7AU,33
ICKHRJO1S7AU,39
7ISJQ89O4031,16
7ISJQ89O4031,21
7ISJQ89O4031,25
7ISJQ89O4031,27
7ISJQ89O4031,35
Z6NJH1AMA3R5,12
Z6NJH1AMA3R5,29
Z6NJH1AMA3R5,36
Z6NJH1AMA3R5,37
JSRB8XI3LAI9,1
JSRB8XI3LAI9,20
JSRB8XI3LAI9,25
JSRB8XI3LAI9,29
JSRB8XI3LAI9,31
S72ZJZWRJOQS,14
S72ZJZWRJOQS,18
S72ZJZWRJOQS,21
S72ZJZWRJOQS,25
940CXLHU4LH9,5
940CXLHU4LH9,24
940CXLHU4LH9,30
M27DCT35BMYQ,1
M27DCT35BMYQ,9
M27DCT35BMYQ,20
M27DCT35BMYQ,27
M27DCT35BMYQ,28
AUO66AZTA98U,17
AUO66AZTA98U,18
AUO66AZTA98U,21
AUO66AZTA98U,35
060EFJS3J5SE,6
060EFJS3J5SE,17
060EFJS3J5SE,28
060EFJS3J5SE,30
060EFJS3J5SE,33
060EFJS3J5SE,38
060EFJS3J5SE,40
GPU7HFYWJE26,20
GPU7HFYWJE26,22
GPU7HFYWJE26,30
GPU7HFYWJE26,39
R7HS7Y6G0WB9,13
R7HS7Y6G0WB9,15
R7HS7Y6G0WB9,23
R7HS7Y6G0WB9,29
R7HS7Y6G0WB9,31
R7HS7Y6G0WB9,33
R7HS7Y6G0WB9,35
R7HS7Y6G0WB9,39
1V02MVN11WUI,6
1V02MVN11WUI,9
1V02MVN11WUI,10
1V02MVN11WUI,22
1V02MVN11WUI,26
1V02MVN11WUI,33
AMQHKRSHZ3LD,9
AMQHKRSHZ3LD,14
AMQHKRSHZ3LD,17
AMQHKRSHZ3LD,18
AMQHKRSHZ3LD,24
AMQHKRSHZ3LD,25
AMQHKRSHZ3LD,29
EREYM5RP12AP,2
EREYM5RP12AP,4
EREYM5RP12AP,5
EREYM5RP12AP,10
EREYM5RP12AP,12
EREYM5RP12AP,14
EREYM5RP12AP,23
EREYM5RP12AP,25
EREYM5RP12AP,33
PO6AXWISIC7X,3
PO6AXWISIC7X,8
PO6AXWISIC7X,22
PO6AXWISIC7X,23
PO6AXWISIC7X,30
PO6AXWISIC7X,36
LFZ4M3NFUOQU,2
LFZ4M3NFUOQU,5
LFZ4M3NFUOQU,17
71KHB13UR8QJ,2
71KHB13UR8QJ,10
71KHB13UR8QJ,19
71KHB13UR8QJ,21
71KHB13UR8QJ,31
71KHB13UR8QJ,35
71KHB13UR8QJ,38
YG7VCQLK8DF6,10
YG7VCQLK8DF6,25
YG7VCQLK8DF6,34
YG7VCQLK8DF6,37
YG7VCQLK8DF6,38
YG7VCQLK8DF6,39
JOWWVE0EOI39,1
JOWWVE0EOI39,3
JOWWVE0EOI39,10
JOWWVE0EOI39,11
JOWWVE0EOI39,12
JOWWVE0EOI39,14
JOWWVE0EOI39,23
JOWWVE0EOI39,26
JOWWVE0EOI39,37
8DG3361B4K3O,6
8DG3361B4K3O,13
8DG3361B4K3O,28
DR1K2APQUGPD,2
DR1K2APQUGPD,16
DR1K2APQUGPD,22
DR1K2APQUGPD,27
DR1K2APQUGPD,30
PJG8MV0LLNR4,2
PJG8MV0LLNR4,15
PJG8MV0LLNR4,18
PJG8MV0LLNR4,21
PJG8MV0LLNR4,22
PJG8MV0LLNR4,28
PJG8MV0LLNR4,35
S3Y8XX1F5BJ3,1
S3Y8XX1F5BJ3,20
S3Y8XX1F5BJ3,22
S3Y8XX1F5BJ3,23
S3Y8XX1F5BJ3,26
S3Y8XX1F5BJ3,31
S3Y8XX1F5BJ3,34
S3Y8XX1F5BJ3,41
7SWIHVNHJ899,1
7SWIHVNHJ899,2
7SWIHVNHJ899,13
7SWIHVNHJ899,21
7SWIHVNHJ899,24
7SWIHVNHJ899,27
7SWIHVNHJ899,28
7SWIHVNHJ899,37
7SWIHVNHJ899,42
9MW9RQB8X7L4,17
9MW9RQB8X7L4,18
9MW9RQB8X7L4,38
9MW9RQB8X7L4,42
728MDBVAOY2O,7
728MDBVAOY2O,12
728MDBVAOY2O,15
728MDBVAOY2O,18
728MDBVAOY2O,19
728MDBVAOY2O,20
728MDBVAOY2O,23
728MDBVAOY2O,36
Y6CXOPOW2KIE,10
Y6CXOPOW2KIE,15
Y6CXOPOW2KIE,23
Y6CXOPOW2KIE,29
Y6CXOPOW2KIE,38
Y6CXOPOW2KIE,42
Y793I0LCZPC1,2
Y793I0LCZPC1,4
Y793I0LCZPC1,9
Y793I0LCZPC1,10
Y793I0LCZPC1,17
Y793I0LCZPC1,24
Y793I0LCZPC1,39
Y793I0LCZPC1,40
62DFOCHXD6LL,13
62DFOCHXD6LL,15
62DFOCHXD6LL,21
62DFOCHXD6LL,29
62DFOCHXD6LL,37
62DFOCHXD6LL,38
E9ACSHL7YZDQ,9
E9ACSHL7YZDQ,25
E9ACSHL7YZDQ,26
E9ACSHL7YZDQ,36
E9ACSHL7YZDQ,38
E9ACSHL7YZDQ,40
LL1T6I1NGFFI,7
LL1T6I1NGFFI,9
LL1T6I1NGFFI,34
LL1T6I1NGFFI,37
LL1T6I1NGFFI,39
29QVB5TG2N52,23
29QVB5TG2N52,31
29QVB5TG2N52,36
29QVB5TG2N52,38
4PZFD2EBVSTA,4
4PZFD2EBVSTA,14
4PZFD2EBVSTA,16
4PZFD2EBVSTA,20
4PZFD2EBVSTA,22
4PZFD2EBVSTA,23
4PZFD2EBVSTA,24
4PZFD2EBVSTA,36
4PZFD2EBVSTA,40
SAPHRO9NPMJI,6
SAPHRO9NPMJI,11
SAPHRO9NPMJI,13
SAPHRO9NPMJI,24
SAPHRO9NPMJI,30
SAPHRO9NPMJI,38
AA6TAUL632ZF,12
AA6TAUL632ZF,17
AA6TAUL632ZF,36
79WJA14Z1OF9,6
79WJA14Z1OF9,8
79WJA14Z1OF9,15
79WJA14Z1OF9,24
79WJA14Z1OF9,26
79WJA14Z1OF9,34
79WJA14Z1OF9,41
I174QKCDYJRX,6
I174QKCDYJRX,8
I174QKCDYJRX,11
I174QKCDYJRX,16
I174QKCDYJRX,26
I174QKCDYJRX,36
I174QKCDYJRX,42
YPGZ6M0A64PD,12
YPGZ6M0A64PD,21
YPGZ6M0A64PD,24
YPGZ6M0A64PD,35
GWRDJRGG85I5,4
GWRDJRGG85I5,8
GWRDJRGG85I5,23
GWRDJRGG85I5,31
GWRDJRGG85I5,32
GWRDJRGG85I5,34
GWRDJRGG85I5,35
GWRDJRGG85I5,38
UGIQCPCU9K7Y,13
UGIQCPCU9K7Y,21
82XC3UM4US5T,3
82XC3UM4US5T,17
82XC3UM4US5T,35
BSYQI050E4MS,21
BSYQI050E4MS,26
BSYQI050E4MS,34
BSYQI050E4MS,37
BSYQI050E4MS,38
OVXSP34T0P8T,12
OVXSP34T0P8T,17
OVXSP34T0P8T,20
OVXSP34T0P8T,30
OVXSP34T0P8T,33
OVXSP34T0P8T,42
VM5WMASPF7JF,11
VM5WMASPF7JF,16
VM5WMASPF7JF,20
VM5WMASPF7JF,31
Q09SYDTLD7F5,15
Q09SYDTLD7F5,30
Q09SYDTLD7F5,33
Q09SYDTLD7F5,42
BCK0CTJAWVLL,5
BCK0CTJAWVLL,11
BCK0CTJAWVLL,12
BCK0CTJAWVLL,18
BCK0CTJAWVLL,26
BCK0CTJAWVLL,35
BCK0CTJAWVLL,41
BCK0CTJAWVLL,42
FIFOP1PJHM5A,18
FIFOP1PJHM5A,35
FIFOP1PJHM5A,41
CBJUXRWSVX22,24
CBJUXRWSVX22,29
CBJUXRWSVX22,32
CBJUXRWSVX22,33
CBJUXRWSVX22,34
CBJUXRWSVX22,37
3IU7UPELZSIQ,8
3IU7UPELZSIQ,9
3IU7UPELZSIQ,29
3IU7UPELZSIQ,32
AUT7S8KOG8LR,6
AUT7S8KOG8LR,14
AUT7S8KOG8LR,15
AUT7S8KOG8LR,16
AUT7S8KOG8LR,24
AUT7S8KOG8LR,25
AUT7S8KOG8LR,29
AUT7S8KOG8LR,33
AUT7S8KOG8LR,35
WY4IVG9HKRN0,3
WY4IVG9HKRN0,7
WY4IVG9HKRN0,23
WY4IVG9HKRN0,41
WY4IVG9HKRN0,42
IP18644P33FM,5
IP18644P33FM,6
IP18644P33FM,15
IP18644P33FM,24
IP18644P33FM,28
IP18644P33FM,33
IP18644P33FM,38
IP18644P33FM,41
16YKD9T2CDKQ,2
16YKD9T2CDKQ,10
16YKD9T2CDKQ,13
16YKD9T2CDKQ,17
JAR3F8F6OI1P,15
JAR3F8F6OI1P,16
JAR3F8F6OI1P,18
JAR3F8F6OI1P,19
JAR3F8F6OI1P,20
JAR3F8F6OI1P,22
JAR3F8F6OI1P,24
0BTFPNSSMEK8,1
0BTFPNSSMEK8,17
0BTFPNSSMEK8,42
A5WCFKCUVMN5,2
A5WCFKCUVMN5,3
A5WCFKCUVMN5,5
A5WCFKCUVMN5,9
A5WCFKCUVMN5,15
A5WCFKCUVMN5,22
A5WCFKCUVMN5,27
OAVUGC5JBMC1,3
OAVUGC5JBMC1,5
OAVUGC5JBMC1,8
OAVUGC5JBMC1,10
OAVUGC5JBMC1,13
OAVUGC5JBMC1,16
665HBC8LOOA2,21
665HBC8LOOA2,25
665HBC8LOOA2,32
665HBC8LOOA2,33
665HBC8LOOA2,39
665HBC8LOOA2,42
GDY7VXIYJ936,7
GDY7VXIYJ936,17
GDY7VXIYJ936,24
GDY7VXIYJ936,31
GDY7VXIYJ936,32
GDY7VXIYJ936,33
GDY7VXIYJ936,35
GDY7VXIYJ936,36
OVJOQ96RKV7L,15
OVJOQ96RKV7L,26
OVJOQ96RKV7L,36
IS1EPV22AYPR,10
IS1EPV22AYPR,12
IS1EPV22AYPR,24
IS1EPV22AYPR,37
IS1EPV22AYPR,38
UQ288VFECIR3,2
UQ288VFECIR3,9
UQ288VFECIR3,10
163G9KKTM2IV,12
163G9KKTM2IV,33
163G9KKTM2IV,35
D10RJIYTZI6A,14
D10RJIYTZI6A,20
D10RJIYTZI6A,39
0FCICN9NCWBM,15
0FCICN9NCWBM,21
0FCICN9NCWBM,28
0FCICN9NCWBM,32
0FCICN9NCWBM,38
0FCICN9NCWBM,40
FHYBIGIFG6VC,1
FHYBIGIFG6VC,4
FHYBIGIFG6VC,6
FHYBIGIFG6VC,9
FHYBIGIFG6VC,18
FHYBIGIFG6VC,21
FHYBIGIFG6VC,22
FHYBIGIFG6VC,23
FHYBIGIFG6VC,40
BFOVXGSOJG92,9
BFOVXGSOJG92,11
BFOVXGSOJG92,19
4LRCIMMHVYAI,5
4LRCIMMHVYAI,21
4LRCIMMHVYAI,24
4LRCIMMHVYAI,34
MTVYJE2G8PPC,11
MTVYJE2G8PPC,24
MTVYJE2G8PPC,28
MTVYJE2G8PPC,42
C7ZZJWKZ1RP5,5
C7ZZJWKZ1RP5,8
C7ZZJWKZ1RP5,14
C7ZZJWKZ1RP5,25
C7ZZJWKZ1RP5,27
C7ZZJWKZ1RP5,29
C7ZZJWKZ1RP5,37
WCLHKY0U111U,4
WCLHKY0U111U,8
WCLHKY0U111U,22
WCLHKY0U111U,30
WCLHKY0U111U,40
HSDF1H1H1MQ3,2
HSDF1H1H1MQ3,15
HSDF1H1H1MQ3,36
N5NYN0OM9M3X,5
N5NYN0OM9M3X,21
N5NYN0OM9M3X,28
N5NYN0OM9M3X,32
2WSSY3TZSU9H,15
2WSSY3TZSU9H,27
2WSSY3TZSU9H,32
2WSSY3TZSU9H,36
2WSSY3TZSU9H,41
ENJUPOB71FAM,1
ENJUPOB71FAM,22
ENJUPOB71FAM,25
4H33ZUM40FNZ,1
4H33ZUM40FNZ,8
4H33ZUM40FNZ,17
4H33ZUM40FNZ,26
GIGIU7994EUP,1
GIGIU7994EUP,13
GIGIU7994EUP,14
GIGIU7994EUP,24
GIGIU7994EUP,26
GIGIU7994EUP,42
85THDDU484U9,6
85THDDU484U9,9
85THDDU484U9,20
85THDDU484U9,24
85THDDU484U9,30
85THDDU484U9,32
85THDDU484U9,37
85THDDU484U9,40
56WVNZ1NITG5,7
56WVNZ1NITG5,20
56WVNZ1NITG5,23
N380HRD34CJG,4
N380HRD34CJG,8
N380HRD34CJG,13
N380HRD34CJG,17
N380HRD34CJG,33
N380HRD34CJG,39
WNHQVBJ0CUVE,18
WNHQVBJ0CUVE,34
WNHQVBJ0CUVE,41
WNHQVBJ0CUVE,42
8XVBX9TKUFNG,2
8XVBX9TKUFNG,3
8XVBX9TKUFNG,15
8O0Y6FC0ZGY6,11
8O0Y6FC0ZGY6,20
8O0Y6FC0ZGY6,24
8O0Y6FC0ZGY6,26
8O0Y6FC0ZGY6,37
8O0Y6FC0ZGY6,38
02L3JA1FIKSE,6
02L3JA1FIKSE,22
02L3JA1FIKSE,27
02L3JA1FIKSE,31
02L3JA1FIKSE,37
R3KLZ3CSO6ZB,11
R3KLZ3CSO6ZB,13
R3KLZ3CSO6ZB,32
JB9L8OTG6RB6,4
JB9L8OTG6RB6,11
JB9L8OTG6RB6,15
JB9L8OTG6RB6,17
JB9L8OTG6RB6,19
JXYXQTWUH7BD,2
JXYXQTWUH7BD,6
JXYXQTWUH7BD,9
JXYXQTWUH7BD,11
JXYXQTWUH7BD,13
JXYXQTWUH7BD,15
S1JOESU9U107,20
S1JOESU9U107,27
S1JOESU9U107,29
Y59YZ6R9ZMRB,8
Y59YZ6R9ZMRB,25
Y59YZ6R9ZMRB,27
Y59YZ6R9ZMRB,28
Y59YZ6R9ZMRB,35
Y59YZ6R9ZMRB,40
Y59YZ6R9ZMRB,41
B2Y093569C4Q,11
B2Y093569C4Q,20
B2Y093569C4Q,37
TNQ7SM92E0RA,1
TNQ7SM92E0RA,4
TNQ7SM92E0RA,7
TNQ7SM92E0RA,15
TNQ7SM92E0RA,30
6NA0O9Y9ZKQP,12
6NA0O9Y9ZKQP,15
6NA0O9Y9ZKQP,18
6NA0O9Y9ZKQP,20
6NA0O9Y9ZKQP,33
5J9KY9S90MKD,15
5J9KY9S90MKD,18
5J9KY9S90MKD,23
5J9KY9S90MKD,34
5J9KY9S90MKD,39
5J9KY9S90MKD,42
ANJUQH1YQ9QG,9
ANJUQH1YQ9QG,10
ANJUQH1YQ9QG,11
ANJUQH1YQ9QG,41
N479L7S70ITZ,14
N479L7S70ITZ,15
N479L7S70ITZ,18
N479L7S70ITZ,23
N479L7S70ITZ,24
N479L7S70ITZ,26
N479L7S70ITZ,35
N479L7S70ITZ,38
QXL3XXU99HER,7
QXL3XXU99HER,25
QXL3XXU99HER,37
AFST37X48BDF,6
AFST37X48BDF,11
AFST37X48BDF,14
AFST37X48BDF,19
AFST37X48BDF,34
AFST37X48BDF,42
CO8V695E3PDT,10
CO8V695E3PDT,11
CO8V695E3PDT,21
FEL184F7ZLKJ,5
FEL184F7ZLKJ,7
FEL184F7ZLKJ,16
FEL184F7ZLKJ,18
FEL184F7ZLKJ,21
FEL184F7ZLKJ,24
FEL184F7ZLKJ,25
FEL184F7ZLKJ,28
G53I08CZ66UB,18
G53I08CZ66UB,23
G53I08CZ66UB,25
G53I08CZ66UB,39
WQVR4I86XAGK,1
WQVR4I86XAGK,6
WQVR4I86XAGK,18
WQVR4I86XAGK,25
WQVR4I86XAGK,28
WQVR4I86XAGK,33
WQVR4I86XAGK,35
KYONGXRONBFD,10
KYONGXRONBFD,26
KYONGXRONBFD,30
KYONGXRONBFD,35
4V8BKCK1GVLF,1
4V8BKCK1GVLF,5
4V8BKCK1GVLF,14
4V8BKCK1GVLF,24
4V8BKCK1GVLF,34
4V8BKCK1GVLF,41
JEUOJBNAJ4HV,8
JEUOJBNAJ4HV,17
JEUOJBNAJ4HV,22
JEUOJBNAJ4HV,29
JEUOJBNAJ4HV,31
JEUOJBNAJ4HV,39
P6HLFADKFK9O,7
P6HLFADKFK9O,13
P6HLFADKFK9O,14
P6HLFADKFK9O,29
P6HLFADKFK9O,36
L538NG5O9AWV,6
L538NG5O9AWV,8
L538NG5O9AWV,18
L538NG5O9AWV,22
L538NG5O9AWV,24
L538NG5O9AWV,26
L538NG5O9AWV,30
L538NG5O9AWV,37
L538NG5O9AWV,41
HAULQOMWXHQQ,8
HAULQOMWXHQQ,34
HAULQOMWXHQQ,37
SCZOXL44DLST,4
SCZOXL44DLST,10
SCZOXL44DLST,15
SCZOXL44DLST,16
SCZOXL44DLST,19
SCZOXL44DLST,27
SCZOXL44DLST,31
SCZOXL44DLST,34
W5OJUNALTRIW,10
W5OJUNALTRIW,11
W5OJUNALTRIW,17
W5OJUNALTRIW,42
IXAXERKC4D9A,6
IXAXERKC4D9A,18
IXAXERKC4D9A,21
IXAXERKC4D9A,24
IXAXERKC4D9A,28
IXAXERKC4D9A,30
A8NIUR92TIXU,5
A8NIUR92TIXU,16
A8NIUR92TIXU,37
A8NIUR92TIXU,38
YBYTMZ4RM9JE,5
YBYTMZ4RM9JE,27
3WJY81GMX1IC,3
3WJY81GMX1IC,4
3WJY81GMX1IC,7
3WJY81GMX1IC,14
3WJY81GMX1IC,17
3WJY81GMX1IC,24
3WJY81GMX1IC,39
3WJY81GMX1IC,41
IMJF4VNMF69F,2
IMJF4VNMF69F,14
IMJF4VNMF69F,18
IMJF4VNMF69F,22
IMJF4VNMF69F,23
IMJF4VNMF69F,35
94FZZU21PL0L,9
94FZZU21PL0L,23
94FZZU21PL0L,28
CWF66YXONVBQ,1
CWF66YXONVBQ,19
CWF66YXONVBQ,20
CWF66YXONVBQ,21
5AAR47LFI6CE,8
5AAR47LFI6CE,16
5AAR47LFI6CE,17
5AAR47LFI6CE,28
5AAR47LFI6CE,35
5AAR47LFI6CE,37
5AAR47LFI6CE,38
Y620P1CUCL48,2
Y620P1CUCL48,7
Y620P1CUCL48,19
Y620P1CUCL48,23
Y620P1CUCL48,28
Y620P1CUCL48,37
Y620P1CUCL48,41
D67IZXV2D3YC,8
D67IZXV2D3YC,10
D67IZXV2D3YC,33
NRRBX26CU66O,6
NRRBX26CU66O,14
NRRBX26CU66O,15
NRRBX26CU66O,21
NRRBX26CU66O,26
NRRBX26CU66O,30
NRRBX26CU66O,40
M68G8P5FSRTC,3
M68G8P5FSRTC,5
M68G8P5FSRTC,12
M68G8P5FSRTC,21
M68G8P5FSRTC,24
M68G8P5FSRTC,26
M68G8P5FSRTC,30
M68G8P5FSRTC,32
