report_id,tag_id
H1ZAS1C2YN,38
H1ZAS1C2YN,27
H1ZAS1C2YN,30
H1ZAS1C2YN,30
H1ZAS1C2YN,13
H1ZAS1C2YN,16
H1ZAS1C2YN,4
H1ZAS1C2YN,18
H1ZAS1C2YN,6
DYQH3WUQ4V,15
DYQH3WUQ4V,15
DYQH3WUQ4V,24
DYQH3WUQ4V,10
DYQH3WUQ4V,37
DYQH3WUQ4V,18
C4ZFXIRTA3,36
C4ZFXIRTA3,37
C4ZFXIRTA3,13
C4ZFXIRTA3,26
C4ZFXIRTA3,31
C4ZFXIRTA3,14
QOR7TB4FJJ,11
QOR7TB4FJJ,11
QOR7TB4FJJ,38
QOR7TB4FJJ,5
QOR7TB4FJJ,4
QOR7TB4FJJ,7
LYC7LYPIG3,6
LYC7LYPIG3,19
LYC7LYPIG3,7
LYC7LYPIG3,12
LYC7LYPIG3,25
WIREEGLYGL,9
WIREEGLYGL,34
WIREEGLYGL,39
WIREEGLYGL,7
WIREEGLYGL,39
Y15O1UY3H2,27
Y15O1UY3H2,29
Y15O1UY3H2,23
Y15O1UY3H2,4
Y15O1UY3H2,7
Y15O1UY3H2,22
Y15O1UY3H2,27
Y15O1UY3H2,29
Y15O1UY3H2,17
U9ORRZ4OCL,12
U9ORRZ4OCL,25
U9ORRZ4OCL,15
U9ORRZ4OCL,5
U9ORRZ4OCL,39
U9ORRZ4OCL,24
U9ORRZ4OCL,21
U9ORRZ4OCL,15
U4BR5IN8T1,19
U4BR5IN8T1,13
U4BR5IN8T1,40
1HBGMENDW4,35
1HBGMENDW4,3
1HBGMENDW4,14
1WGM476U3I,29
1WGM476U3I,38
1WGM476U3I,17
1WGM476U3I,35
1WGM476U3I,28
1WGM476U3I,40
8S75V6D219,12
8S75V6D219,24
8S75V6D219,34
8S75V6D219,26
8S75V6D219,40
W6FKRVZV4A,4
W6FKRVZV4A,38
W6FKRVZV4A,5
W6FKRVZV4A,36
W6FKRVZV4A,34
W6FKRVZV4A,8
QPDUSJAJMK,25
QPDUSJAJMK,6
QPDUSJAJMK,5
QPDUSJAJMK,30
QPDUSJAJMK,22
QPDUSJAJMK,8
QPDUSJAJMK,30
QPDUSJAJMK,19
QPDUSJAJMK,18
C1097U21EH,8
C1097U21EH,15
C1097U21EH,31
95BSM8Q1LE,37
95BSM8Q1LE,30
95BSM8Q1LE,11
95BSM8Q1LE,34
95BSM8Q1LE,34
U5BAYXC7V1,20
U5BAYXC7V1,5
U5BAYXC7V1,11
MDJH048XDQ,39
MDJH048XDQ,33
MDJH048XDQ,32
MDJH048XDQ,22
MDJH048XDQ,2
MDJH048XDQ,27
MDJH048XDQ,37
MDJH048XDQ,40
DYM7OIOESR,21
DYM7OIOESR,12
DYM7OIOESR,38
DYM7OIOESR,1
DYM7OIOESR,36
DYM7OIOESR,38
DYM7OIOESR,27
DYM7OIOESR,40
DYM7OIOESR,1
MUT4EAAZI1,34
MUT4EAAZI1,20
MUT4EAAZI1,12
MUT4EAAZI1,38
MUT4EAAZI1,18
MUT4EAAZI1,32
MUT4EAAZI1,7
MUT4EAAZI1,9
MUT4EAAZI1,5
J8SQ0DSDXT,1
J8SQ0DSDXT,19
J8SQ0DSDXT,20
J8SQ0DSDXT,8
J8SQ0DSDXT,25
J8SQ0DSDXT,8
J8SQ0DSDXT,19
J8SQ0DSDXT,13
J8SQ0DSDXT,19
W2YPPB7OZE,38
W2YPPB7OZE,8
W2YPPB7OZE,31
W2YPPB7OZE,17
2E1U31PJ51,17
2E1U31PJ51,25
2E1U31PJ51,28
2E1U31PJ51,37
2E1U31PJ51,25
F7JPSH8EBW,32
F7JPSH8EBW,24
F7JPSH8EBW,5
S2QDJRFUFG,37
S2QDJRFUFG,1
S2QDJRFUFG,33
S2QDJRFUFG,38
S2QDJRFUFG,27
S2QDJRFUFG,13
UTCD58BQSB,11
UTCD58BQSB,4
UTCD58BQSB,24
UTCD58BQSB,28
UTCD58BQSB,10
6FTSVZT8JH,19
6FTSVZT8JH,19
6FTSVZT8JH,16
6FTSVZT8JH,12
ELIKU7ZWCY,27
ELIKU7ZWCY,16
ELIKU7ZWCY,7
ELIKU7ZWCY,16
ELIKU7ZWCY,1
KAJNYKNSRN,36
KAJNYKNSRN,23
KAJNYKNSRN,38
ADLI3ZYH4C,14
ADLI3ZYH4C,10
ADLI3ZYH4C,7
ADLI3ZYH4C,30
ADLI3ZYH4C,37
ADLI3ZYH4C,11
ADLI3ZYH4C,35
ADLI3ZYH4C,26
H3OYSKIU01,31
H3OYSKIU01,32
H3OYSKIU01,14
H3OYSKIU01,36
H3OYSKIU01,3
H3OYSKIU01,24
PSSM2H8DDL,19
PSSM2H8DDL,26
PSSM2H8DDL,9
PSSM2H8DDL,18
PSSM2H8DDL,26
PSSM2H8DDL,10
VVVTRRO1EQ,30
VVVTRRO1EQ,36
VVVTRRO1EQ,14
VVVTRRO1EQ,9
QVXYOLHUM5,14
QVXYOLHUM5,34
QVXYOLHUM5,5
QVXYOLHUM5,38
QVXYOLHUM5,19
QVXYOLHUM5,23
QVXYOLHUM5,5
JHW72GWGVR,40
JHW72GWGVR,3
JHW72GWGVR,32
IWZ6M6YVL6,33
IWZ6M6YVL6,15
IWZ6M6YVL6,14
IQ2W8FZTXM,13
IQ2W8FZTXM,36
IQ2W8FZTXM,4
IQ2W8FZTXM,10
IQ2W8FZTXM,22
IQ2W8FZTXM,17
P8KHCOPKFS,12
P8KHCOPKFS,20
P8KHCOPKFS,17
P8KHCOPKFS,31
P8KHCOPKFS,25
P8KHCOPKFS,9
P8KHCOPKFS,4
P8KHCOPKFS,10
5FDRDAKVNO,3
5FDRDAKVNO,33
5FDRDAKVNO,6
C64A6MEDMW,38
C64A6MEDMW,27
C64A6MEDMW,16
C64A6MEDMW,8
C64A6MEDMW,30
C64A6MEDMW,16
APYK3SHK8W,36
APYK3SHK8W,8
APYK3SHK8W,1
APYK3SHK8W,21
APYK3SHK8W,19
APYK3SHK8W,23
APYK3SHK8W,32
APYK3SHK8W,21
WELUSLUKI5,35
WELUSLUKI5,29
WELUSLUKI5,31
WELUSLUKI5,17
BVF4R6RBHE,31
BVF4R6RBHE,20
BVF4R6RBHE,3
BVF4R6RBHE,38
MB035LVYDR,5
MB035LVYDR,26
MB035LVYDR,9
MB035LVYDR,22
A8KDRIHKAE,10
A8KDRIHKAE,26
A8KDRIHKAE,11
A8KDRIHKAE,40
H5KLQOYP1G,18
H5KLQOYP1G,24
H5KLQOYP1G,25
H5KLQOYP1G,16
H5KLQOYP1G,10
RIEUK1HI8Q,38
RIEUK1HI8Q,37
RIEUK1HI8Q,39
RIEUK1HI8Q,8
RIEUK1HI8Q,40
RIEUK1HI8Q,34
RIEUK1HI8Q,1
RIEUK1HI8Q,5
VYOCDYBPPB,29
VYOCDYBPPB,29
VYOCDYBPPB,26
QOSYJJVZ5V,34
QOSYJJVZ5V,38
QOSYJJVZ5V,24
QOSYJJVZ5V,1
IOU8IPWR7Z,23
IOU8IPWR7Z,6
IOU8IPWR7Z,33
IOU8IPWR7Z,17
IOU8IPWR7Z,36
149KF17NFT,6
149KF17NFT,17
149KF17NFT,31
149KF17NFT,35
149KF17NFT,37
149KF17NFT,1
CPYSSLEJQD,3
CPYSSLEJQD,15
CPYSSLEJQD,5
CPYSSLEJQD,32
CPYSSLEJQD,4
CPYSSLEJQD,39
CPYSSLEJQD,18
CPYSSLEJQD,16
PFH8KT875B,40
PFH8KT875B,12
PFH8KT875B,32
PFH8KT875B,34
3AO4GYW5XE,2
3AO4GYW5XE,19
3AO4GYW5XE,31
3AO4GYW5XE,16
3AO4GYW5XE,7
3AO4GYW5XE,24
3AO4GYW5XE,32
3AO4GYW5XE,30
3AO4GYW5XE,14
PLNX5MWODX,3
PLNX5MWODX,28
PLNX5MWODX,1
PLNX5MWODX,12
PLNX5MWODX,16
PLNX5MWODX,36
PLNX5MWODX,40
PLNX5MWODX,5
PLNX5MWODX,29
KE8DEYV6L8,36
KE8DEYV6L8,7
KE8DEYV6L8,25
KE8DEYV6L8,29
PR6XZ2TNR9,25
PR6XZ2TNR9,28
PR6XZ2TNR9,10
PR6XZ2TNR9,28
PR6XZ2TNR9,23
PR6XZ2TNR9,5
1L5DNT086A,37
1L5DNT086A,16
1L5DNT086A,40
2MODSGJ4TQ,2
2MODSGJ4TQ,3
2MODSGJ4TQ,4
EBYJZYU894,15
EBYJZYU894,15
EBYJZYU894,40
EBYJZYU894,15
EBYJZYU894,11
EBYJZYU894,11
EBYJZYU894,25
EBYJZYU894,15
EBYJZYU894,39
2L3N6UTE19,24
2L3N6UTE19,22
2L3N6UTE19,37
2L3N6UTE19,27
2L3N6UTE19,2
2L3N6UTE19,32
2L3N6UTE19,21
E27XWSI7M9,2
E27XWSI7M9,32
E27XWSI7M9,13
E27XWSI7M9,36
E27XWSI7M9,26
E27XWSI7M9,35
E27XWSI7M9,22
YXWIO1XJ3O,1
YXWIO1XJ3O,38
YXWIO1XJ3O,29
YXWIO1XJ3O,32
YXWIO1XJ3O,32
YXWIO1XJ3O,40
NYSIJLQ2B4,2
NYSIJLQ2B4,38
NYSIJLQ2B4,22
NYSIJLQ2B4,27
4E9336RZRY,18
4E9336RZRY,15
4E9336RZRY,24
4E9336RZRY,20
4E9336RZRY,1
4E9336RZRY,39
4E9336RZRY,31
4E9336RZRY,5
4E9336RZRY,36
N0MHFJGS3J,3
N0MHFJGS3J,32
N0MHFJGS3J,25
N0MHFJGS3J,5
N0MHFJGS3J,34
N0MHFJGS3J,10
N0MHFJGS3J,7
NZGQMI9AO8,23
NZGQMI9AO8,29
NZGQMI9AO8,25
NZGQMI9AO8,37
NZGQMI9AO8,35
NZGQMI9AO8,16
NZGQMI9AO8,38
NZGQMI9AO8,22
S9KFEHP98F,14
S9KFEHP98F,4
S9KFEHP98F,31
S9KFEHP98F,25
S9KFEHP98F,31
S9KFEHP98F,10
S9KFEHP98F,36
V46F1IE4CI,7
V46F1IE4CI,7
V46F1IE4CI,30
V46F1IE4CI,25
V46F1IE4CI,24
V46F1IE4CI,16
IPMJZMC3AK,12
IPMJZMC3AK,27
IPMJZMC3AK,29
IPMJZMC3AK,40
IPMJZMC3AK,21
T2L9WNTLJD,33
T2L9WNTLJD,7
T2L9WNTLJD,17
T2L9WNTLJD,28
T2L9WNTLJD,19
T2L9WNTLJD,39
T2L9WNTLJD,17
T2L9WNTLJD,29
T2L9WNTLJD,16
FUNRPQPITO,1
FUNRPQPITO,26
FUNRPQPITO,19
FUNRPQPITO,23
FUNRPQPITO,17
FUNRPQPITO,1
FUNRPQPITO,28
Y1A7G9995J,30
Y1A7G9995J,40
Y1A7G9995J,21
Y1A7G9995J,28
Y1A7G9995J,23
Y1A7G9995J,20
Y1A7G9995J,2
Y1A7G9995J,17
6U6UZTHEEF,3
6U6UZTHEEF,30
6U6UZTHEEF,12
6U6UZTHEEF,19
6U6UZTHEEF,1
6U6UZTHEEF,30
RQMJIDA2YO,31
RQMJIDA2YO,35
RQMJIDA2YO,24
RQMJIDA2YO,28
RQMJIDA2YO,7
RQMJIDA2YO,24
RQMJIDA2YO,40
RQMJIDA2YO,10
RQMJIDA2YO,16
B96MNEVYTL,6
B96MNEVYTL,23
B96MNEVYTL,20
B96MNEVYTL,9
K1QEKYLSG8,30
K1QEKYLSG8,14
K1QEKYLSG8,36
K1QEKYLSG8,7
K1QEKYLSG8,12
23LSA72VFT,25
23LSA72VFT,22
23LSA72VFT,12
23LSA72VFT,21
23LSA72VFT,26
23LSA72VFT,10
23LSA72VFT,7
23LSA72VFT,16
23LSA72VFT,2
QNF8KV1KFQ,15
QNF8KV1KFQ,31
QNF8KV1KFQ,17
70L82BU3QY,27
70L82BU3QY,17
70L82BU3QY,14
70L82BU3QY,27
70L82BU3QY,10
70L82BU3QY,6
70L82BU3QY,37
70L82BU3QY,35
JMNRQ8E0JH,28
JMNRQ8E0JH,4
JMNRQ8E0JH,39
JMNRQ8E0JH,21
JMNRQ8E0JH,38
JMNRQ8E0JH,3
2RB1FA3N58,31
2RB1FA3N58,27
2RB1FA3N58,23
2RB1FA3N58,7
72I4XKHUW3,2
72I4XKHUW3,15
72I4XKHUW3,38
72I4XKHUW3,36
PCT7DG1ZJU,11
PCT7DG1ZJU,1
PCT7DG1ZJU,17
PCT7DG1ZJU,7
PCT7DG1ZJU,24
PCT7DG1ZJU,33
NVHBQ5E9F7,25
NVHBQ5E9F7,9
NVHBQ5E9F7,12
C0DO4AJFA6,20
C0DO4AJFA6,14
C0DO4AJFA6,23
YL3S2PCRPR,32
YL3S2PCRPR,21
YL3S2PCRPR,16
YL3S2PCRPR,27
YL3S2PCRPR,18
YL3S2PCRPR,3
NBEWTRJV02,29
NBEWTRJV02,13
NBEWTRJV02,23
NBEWTRJV02,15
NBEWTRJV02,26
NBEWTRJV02,27
NBEWTRJV02,13
HLHRO4BJHG,32
HLHRO4BJHG,17
HLHRO4BJHG,30
HLHRO4BJHG,25
HLHRO4BJHG,37
ZEB7C8L52O,31
ZEB7C8L52O,14
ZEB7C8L52O,28
ZEB7C8L52O,7
85DPC9I206,19
85DPC9I206,1
85DPC9I206,25
85DPC9I206,28
85DPC9I206,17
85DPC9I206,12
85DPC9I206,3
85DPC9I206,30
LGQAIHJB0V,21
LGQAIHJB0V,13
LGQAIHJB0V,6
Y0VC5IO2FQ,37
Y0VC5IO2FQ,24
Y0VC5IO2FQ,27
Y0VC5IO2FQ,6
C4TPGKYD2T,36
C4TPGKYD2T,12
C4TPGKYD2T,14
C4TPGKYD2T,24
C4TPGKYD2T,27
C4TPGKYD2T,12
C4TPGKYD2T,33
C4TPGKYD2T,11
C4TPGKYD2T,34
YY3PEX495D,28
YY3PEX495D,22
YY3PEX495D,37
YY3PEX495D,11
YY3PEX495D,6
C9TGIX10QF,29
C9TGIX10QF,23
C9TGIX10QF,4
C9TGIX10QF,14
C9TGIX10QF,38
ET5FQ8M75R,21
ET5FQ8M75R,31
ET5FQ8M75R,26
ET5FQ8M75R,7
ET5FQ8M75R,38
ET5FQ8M75R,36
ET5FQ8M75R,12
7BUY4SFSOH,38
7BUY4SFSOH,33
7BUY4SFSOH,7
HC9109FX9D,6
HC9109FX9D,19
HC9109FX9D,37
HC9109FX9D,25
HC9109FX9D,27
HC9109FX9D,31
HC9109FX9D,35
TIQW4VO730,2
TIQW4VO730,26
TIQW4VO730,8
TIQW4VO730,9
CS2QDGKSPH,22
CS2QDGKSPH,34
CS2QDGKSPH,20
CS2QDGKSPH,12
CS2QDGKSPH,20
BYYJPMTG2X,19
BYYJPMTG2X,27
BYYJPMTG2X,31
BYYJPMTG2X,26
BYYJPMTG2X,39
BYYJPMTG2X,36
8I8VZMFAF8,14
8I8VZMFAF8,40
8I8VZMFAF8,16
8I8VZMFAF8,40
8I8VZMFAF8,38
8I8VZMFAF8,20
8I8VZMFAF8,39
8I8VZMFAF8,26
N1QZN9CH9T,31
N1QZN9CH9T,8
N1QZN9CH9T,5
N1QZN9CH9T,27
N1QZN9CH9T,40
N1QZN9CH9T,23
7CRITDIU6A,33
7CRITDIU6A,20
7CRITDIU6A,36
7CRITDIU6A,20
7CRITDIU6A,3
7CRITDIU6A,3
PISMUAEH6G,1
PISMUAEH6G,28
PISMUAEH6G,38
PISMUAEH6G,27
PISMUAEH6G,13
PISMUAEH6G,29
E2FIP5907Q,9
E2FIP5907Q,27
E2FIP5907Q,5
E2FIP5907Q,5
E2FIP5907Q,37
E2FIP5907Q,36
E2FIP5907Q,5
E2FIP5907Q,15
0VUW7TSNR7,6
0VUW7TSNR7,19
0VUW7TSNR7,38
0VUW7TSNR7,1
0VUW7TSNR7,34
0VUW7TSNR7,29
W7QWA8FS8S,26
W7QWA8FS8S,22
W7QWA8FS8S,26
W7QWA8FS8S,28
W7QWA8FS8S,40
W7QWA8FS8S,6
W7QWA8FS8S,16
W7QWA8FS8S,31
4I4PR1NF0S,20
4I4PR1NF0S,34
4I4PR1NF0S,9
4I4PR1NF0S,25
4I4PR1NF0S,2
4I4PR1NF0S,31
4I4PR1NF0S,39
4I4PR1NF0S,21
4I4PR1NF0S,38
XX14VYBWL2,2
XX14VYBWL2,6
XX14VYBWL2,10
XX14VYBWL2,5
XX14VYBWL2,2
XX14VYBWL2,27
XX14VYBWL2,10
XX14VYBWL2,36
XX14VYBWL2,4
AOOMKXMU92,11
AOOMKXMU92,36
AOOMKXMU92,24
AOOMKXMU92,35
MM87AJ5JKX,1
MM87AJ5JKX,26
MM87AJ5JKX,20
MM87AJ5JKX,38
I52RUN3OUU,1
I52RUN3OUU,22
I52RUN3OUU,3
I52RUN3OUU,24
ZOVJ52EV71,35
ZOVJ52EV71,18
ZOVJ52EV71,23
ZOVJ52EV71,34
ZOVJ52EV71,39
ZOVJ52EV71,35
ZOVJ52EV71,28
OJ8Z1OHLU0,37
OJ8Z1OHLU0,22
OJ8Z1OHLU0,3
OJ8Z1OHLU0,20
OJ8Z1OHLU0,2
DOHLRSWE20,33
DOHLRSWE20,25
DOHLRSWE20,15
DOHLRSWE20,36
DOHLRSWE20,38
DOHLRSWE20,4
DOHLRSWE20,40
1OE3O2Z03V,32
1OE3O2Z03V,12
1OE3O2Z03V,16
1OE3O2Z03V,13
6B70EHE0HM,37
6B70EHE0HM,40
6B70EHE0HM,34
6B70EHE0HM,32
6B70EHE0HM,16
6B70EHE0HM,19
6B70EHE0HM,12
EGZ8MSMJL4,12
EGZ8MSMJL4,35
EGZ8MSMJL4,29
EGZ8MSMJL4,40
EGZ8MSMJL4,14
EGZ8MSMJL4,29
1XBFKY7OKC,21
1XBFKY7OKC,29
1XBFKY7OKC,23
1XBFKY7OKC,31
1XBFKY7OKC,37
1XBFKY7OKC,16
1XBFKY7OKC,17
1XBFKY7OKC,20
1XBFKY7OKC,25
WSKYI0FDXZ,3
WSKYI0FDXZ,26
WSKYI0FDXZ,35
WSKYI0FDXZ,40
WSKYI0FDXZ,20
NN8N4BWLEB,3
NN8N4BWLEB,11
NN8N4BWLEB,26
NN8N4BWLEB,25
NN8N4BWLEB,35
NN8N4BWLEB,3
UUVUSNFNVG,26
UUVUSNFNVG,11
UUVUSNFNVG,40
UUVUSNFNVG,29
UUVUSNFNVG,11
UUVUSNFNVG,34
UUVUSNFNVG,6
MFMT2T38VI,21
MFMT2T38VI,14
MFMT2T38VI,9
MFMT2T38VI,35
MFMT2T38VI,39
MFMT2T38VI,2
MFMT2T38VI,32
95M4I3F0WE,28
95M4I3F0WE,31
95M4I3F0WE,16
95M4I3F0WE,35
95M4I3F0WE,39
95M4I3F0WE,2
95M4I3F0WE,10
95M4I3F0WE,32
95M4I3F0WE,10
O68DLZSELB,14
O68DLZSELB,20
O68DLZSELB,33
O68DLZSELB,21
O68DLZSELB,12
O68DLZSELB,4
O68DLZSELB,32
O68DLZSELB,32
O68DLZSELB,10
AHWMHMSGQ3,10
AHWMHMSGQ3,18
AHWMHMSGQ3,27
AHWMHMSGQ3,21
AHWMHMSGQ3,15
AHWMHMSGQ3,11
AHWMHMSGQ3,16
6RVMBRJIGL,16
6RVMBRJIGL,1
6RVMBRJIGL,31
6RVMBRJIGL,29
6RVMBRJIGL,40
6RVMBRJIGL,16
6RVMBRJIGL,26
6RVMBRJIGL,2
RNMML64MXI,8
RNMML64MXI,31
RNMML64MXI,16
RNMML64MXI,39
RNMML64MXI,25
RNMML64MXI,4
6OD0CYG370,33
6OD0CYG370,38
6OD0CYG370,19
6OD0CYG370,26
QU8WB95FW9,12
QU8WB95FW9,38
QU8WB95FW9,31
QU8WB95FW9,27
QU8WB95FW9,14
QU8WB95FW9,4
6Z0YTWHJPI,21
6Z0YTWHJPI,2
6Z0YTWHJPI,7
6Z0YTWHJPI,10
6Z0YTWHJPI,35
6Z0YTWHJPI,14
6Z0YTWHJPI,36
ANZK3FWJKD,25
ANZK3FWJKD,12
ANZK3FWJKD,3
ANZK3FWJKD,10
ANZK3FWJKD,25
ANZK3FWJKD,2
ANZK3FWJKD,6
ANZK3FWJKD,2
ANZK3FWJKD,36
GWAZ6XFTGZ,12
GWAZ6XFTGZ,11
GWAZ6XFTGZ,37
GWAZ6XFTGZ,11
GWAZ6XFTGZ,6
GWAZ6XFTGZ,26
GWAZ6XFTGZ,19
GWAZ6XFTGZ,27
GWAZ6XFTGZ,27
985BEFQRZA,7
985BEFQRZA,2
985BEFQRZA,35
985BEFQRZA,31
985BEFQRZA,35
985BEFQRZA,10
985BEFQRZA,25
985BEFQRZA,27
6C2WD64SN5,23
6C2WD64SN5,6
6C2WD64SN5,5
6C2WD64SN5,5
6C2WD64SN5,9
6C2WD64SN5,33
6C2WD64SN5,27
ZB5BQZ69YR,29
ZB5BQZ69YR,34
ZB5BQZ69YR,23
ZB5BQZ69YR,18
ZB5BQZ69YR,14
ZB5BQZ69YR,34
UKB0RTPHD9,37
UKB0RTPHD9,15
UKB0RTPHD9,23
UKB0RTPHD9,10
UKB0RTPHD9,29
UKB0RTPHD9,8
UKB0RTPHD9,16
UKB0RTPHD9,16
UKB0RTPHD9,39
GD4H7C8L5Q,24
GD4H7C8L5Q,32
GD4H7C8L5Q,35
GD4H7C8L5Q,17
GD4H7C8L5Q,8
GD4H7C8L5Q,6
PZQ1JL9F94,14
PZQ1JL9F94,2
PZQ1JL9F94,22
PZQ1JL9F94,26
PZQ1JL9F94,27
PZQ1JL9F94,27
PZQ1JL9F94,19
PZQ1JL9F94,27
8PFIFKOD7H,9
8PFIFKOD7H,26
8PFIFKOD7H,2
8PFIFKOD7H,23
8PFIFKOD7H,23
8PFIFKOD7H,27
8PFIFKOD7H,11
8PFIFKOD7H,13
XTXCNWD5R3,28
XTXCNWD5R3,9
XTXCNWD5R3,21
XTXCNWD5R3,32
XTXCNWD5R3,28
XTXCNWD5R3,36
LVBJULSICT,38
LVBJULSICT,18
LVBJULSICT,24
LVBJULSICT,24
LVBJULSICT,4
LVBJULSICT,37
E5RNOZQYML,31
E5RNOZQYML,12
E5RNOZQYML,33
E5RNOZQYML,38
E5RNOZQYML,7
E5RNOZQYML,26
E5RNOZQYML,15
E5RNOZQYML,8
8I7Q8JIFHB,16
8I7Q8JIFHB,24
8I7Q8JIFHB,20
FM9JDHRR1J,19
FM9JDHRR1J,40
FM9JDHRR1J,8
FM9JDHRR1J,20
B35OHQFPZR,19
B35OHQFPZR,5
B35OHQFPZR,39
B35OHQFPZR,17
B35OHQFPZR,16
B35OHQFPZR,2
B35OHQFPZR,12
B35OHQFPZR,39
B35OHQFPZR,36
3E36BQBDG8,39
3E36BQBDG8,17
3E36BQBDG8,33
3E36BQBDG8,40
3E36BQBDG8,23
3E36BQBDG8,14
3E36BQBDG8,15
3E36BQBDG8,33
ZRLXR5RG8Q,23
ZRLXR5RG8Q,40
ZRLXR5RG8Q,20
ZRLXR5RG8Q,39
ZRLXR5RG8Q,25
ZRLXR5RG8Q,34
101PIESSK0,18
101PIESSK0,24
101PIESSK0,2
MEAWQ94OT1,35
MEAWQ94OT1,26
MEAWQ94OT1,25
MEAWQ94OT1,8
MEAWQ94OT1,23
ZGN0NXWVJI,2
ZGN0NXWVJI,28
ZGN0NXWVJI,13
ZGN0NXWVJI,15
ZGN0NXWVJI,36
ZGN0NXWVJI,7
ZGN0NXWVJI,28
ZGN0NXWVJI,6
ZGN0NXWVJI,23
808NE7J3D7,18
808NE7J3D7,11
808NE7J3D7,11
808NE7J3D7,36
808NE7J3D7,39
808NE7J3D7,12
808NE7J3D7,7
808NE7J3D7,28
808NE7J3D7,3
Z4RC1BGARL,27
Z4RC1BGARL,33
Z4RC1BGARL,3
Z4RC1BGARL,29
Z4RC1BGARL,1
Z4RC1BGARL,21
Z4RC1BGARL,27
Z4RC1BGARL,13
Z4RC1BGARL,13
0ETLIZU42I,15
0ETLIZU42I,32
0ETLIZU42I,31
0ETLIZU42I,8
0ETLIZU42I,20
0ETLIZU42I,39
0ETLIZU42I,31
0ETLIZU42I,6
0ETLIZU42I,37
QCWV3OEVQ8,14
QCWV3OEVQ8,23
QCWV3OEVQ8,5
QCWV3OEVQ8,8
QCWV3OEVQ8,40
QCWV3OEVQ8,33
QCWV3OEVQ8,40
ZWHUPIC514,20
ZWHUPIC514,30
ZWHUPIC514,14
WDCHCWAG30,10
WDCHCWAG30,34
WDCHCWAG30,34
WDCHCWAG30,40
WDCHCWAG30,4
WDCHCWAG30,36
WDCHCWAG30,14
WDCHCWAG30,13
WDCHCWAG30,13
4ZCRE2VQCH,39
4ZCRE2VQCH,1
4ZCRE2VQCH,4
4ZCRE2VQCH,37
4ZCRE2VQCH,24
4ZCRE2VQCH,31
4ZCRE2VQCH,26
4ZCRE2VQCH,6
ECAVC78GZ3,18
ECAVC78GZ3,8
ECAVC78GZ3,23
ECAVC78GZ3,24
ECAVC78GZ3,22
ECAVC78GZ3,39
ECAVC78GZ3,3
ECAVC78GZ3,32
ECAVC78GZ3,16
ZJOWWP0QYD,30
ZJOWWP0QYD,24
ZJOWWP0QYD,10
ZJOWWP0QYD,34
ZJOWWP0QYD,37
ZJOWWP0QYD,25
77JKJHBYAR,23
77JKJHBYAR,35
77JKJHBYAR,24
77JKJHBYAR,4
77JKJHBYAR,15
77JKJHBYAR,2
77JKJHBYAR,4
77JKJHBYAR,19
77JKJHBYAR,13
AL09NPNEMV,22
AL09NPNEMV,12
AL09NPNEMV,25
XNQ22WV4GO,14
XNQ22WV4GO,38
XNQ22WV4GO,22
XNQ22WV4GO,3
XNQ22WV4GO,40
XNQ22WV4GO,30
XNQ22WV4GO,22
XNQ22WV4GO,11
XNQ22WV4GO,1
GBWPEPRZGH,34
GBWPEPRZGH,39
GBWPEPRZGH,20
GBWPEPRZGH,8
GBWPEPRZGH,32
GBWPEPRZGH,8
GBWPEPRZGH,12
GBWPEPRZGH,17
GBWPEPRZGH,21
0SI16J0CM5,5
0SI16J0CM5,24
0SI16J0CM5,25
0SI16J0CM5,30
BHVLEWEMAJ,29
BHVLEWEMAJ,36
BHVLEWEMAJ,13
BHVLEWEMAJ,21
BHVLEWEMAJ,30
Z8L962NBXL,25
Z8L962NBXL,26
Z8L962NBXL,28
Z8L962NBXL,25
Z8L962NBXL,26
Z8L962NBXL,11
T0VPFXSF25,40
T0VPFXSF25,18
T0VPFXSF25,10
T0VPFXSF25,30
T0VPFXSF25,9
EWNMZC42G1,19
EWNMZC42G1,10
EWNMZC42G1,36
EWNMZC42G1,12
EWNMZC42G1,9
EWNMZC42G1,17
EWNMZC42G1,25
EWNMZC42G1,5
GYE1YC914B,14
GYE1YC914B,26
GYE1YC914B,22
TZZ1CM7IB2,32
TZZ1CM7IB2,18
TZZ1CM7IB2,17
TZZ1CM7IB2,16
TZZ1CM7IB2,18
TZZ1CM7IB2,9
TZZ1CM7IB2,12
TZZ1CM7IB2,37
GANO8AT335,6
GANO8AT335,35
GANO8AT335,16
GANO8AT335,11
GANO8AT335,2
GANO8AT335,15
GANO8AT335,8
JT19B0XY01,23
JT19B0XY01,21
JT19B0XY01,17
JT19B0XY01,29
JT19B0XY01,29
JT19B0XY01,23
JT19B0XY01,38
JT19B0XY01,5
JT19B0XY01,16
S0WGXHUBDP,20
S0WGXHUBDP,15
S0WGXHUBDP,4
S0WGXHUBDP,7
S0WGXHUBDP,3
S0WGXHUBDP,35
1W44MS68OX,31
1W44MS68OX,38
1W44MS68OX,4
1W44MS68OX,27
1W44MS68OX,26
1W44MS68OX,26
1W44MS68OX,16
1W44MS68OX,34
ALWB6GYDEB,35
ALWB6GYDEB,23
ALWB6GYDEB,31
ALWB6GYDEB,10
ALWB6GYDEB,20
MI8VMRG5B7,26
MI8VMRG5B7,15
MI8VMRG5B7,4
MI8VMRG5B7,16
0ALHFZACU4,32
0ALHFZACU4,39
0ALHFZACU4,39
0ALHFZACU4,7
0ALHFZACU4,2
0ALHFZACU4,3
Y0ZZQZDZV6,34
Y0ZZQZDZV6,33
Y0ZZQZDZV6,10
Y0ZZQZDZV6,27
J32TD2FTUK,19
J32TD2FTUK,26
J32TD2FTUK,17
J32TD2FTUK,39
J32TD2FTUK,34
B8N8J55MZX,8
B8N8J55MZX,31
B8N8J55MZX,14
B8N8J55MZX,2
K9992L47HM,17
K9992L47HM,18
K9992L47HM,37
K9992L47HM,10
K9992L47HM,37
K9992L47HM,39
K9992L47HM,19
K9992L47HM,39
K9992L47HM,37
5SPEJHP6SW,29
5SPEJHP6SW,6
5SPEJHP6SW,37
5SPEJHP6SW,40
5SPEJHP6SW,37
5SPEJHP6SW,10
5SPEJHP6SW,31
TU8O8SH296,6
TU8O8SH296,17
TU8O8SH296,2
TU8O8SH296,30
TU8O8SH296,5
TU8O8SH296,40
TU8O8SH296,8
D6ZB24KF5P,18
D6ZB24KF5P,8
D6ZB24KF5P,28
21QXTF2JVE,13
21QXTF2JVE,27
21QXTF2JVE,28
21QXTF2JVE,29
21QXTF2JVE,39
21QXTF2JVE,14
21QXTF2JVE,38
21QXTF2JVE,18
21QXTF2JVE,17
S8HXWANQYU,22
S8HXWANQYU,19
S8HXWANQYU,39
S8HXWANQYU,40
S8HXWANQYU,31
S8HXWANQYU,11
6LWLR2AX2Z,19
6LWLR2AX2Z,19
6LWLR2AX2Z,16
6LWLR2AX2Z,32
6LWLR2AX2Z,22
6LWLR2AX2Z,1
6LWLR2AX2Z,28
57ABTIJWQJ,11
57ABTIJWQJ,40
57ABTIJWQJ,14
57ABTIJWQJ,28
57ABTIJWQJ,18
57ABTIJWQJ,26
57ABTIJWQJ,8
HC5DIAOFIU,39
HC5DIAOFIU,35
HC5DIAOFIU,8
HC5DIAOFIU,11
HC5DIAOFIU,37
HC5DIAOFIU,24
DECNWX9439,5
DECNWX9439,33
DECNWX9439,21
DECNWX9439,24
RP8D4MEIFZ,37
RP8D4MEIFZ,15
RP8D4MEIFZ,16
RP8D4MEIFZ,1
RP8D4MEIFZ,28
RP8D4MEIFZ,1
RP8D4MEIFZ,23
VW4L8Y0C5Y,38
VW4L8Y0C5Y,8
VW4L8Y0C5Y,12
S6AKYTI9ES,17
S6AKYTI9ES,32
S6AKYTI9ES,27
S6AKYTI9ES,28
S6AKYTI9ES,5
S6AKYTI9ES,27
XK01M6SBQ0,36
XK01M6SBQ0,3
XK01M6SBQ0,38
XK01M6SBQ0,22
XK01M6SBQ0,39
XK01M6SBQ0,28
XK01M6SBQ0,18
4UZR3KHWS2,12
4UZR3KHWS2,11
4UZR3KHWS2,8
4UZR3KHWS2,13
4UZR3KHWS2,4
4UZR3KHWS2,9
4UZR3KHWS2,20
4UZR3KHWS2,25
DPXLDX7LJQ,22
DPXLDX7LJQ,5
DPXLDX7LJQ,30
DPXLDX7LJQ,3
D59ATC88J5,36
D59ATC88J5,31
D59ATC88J5,39
D59ATC88J5,3
D59ATC88J5,22
MDPH6NEWWW,38
MDPH6NEWWW,38
MDPH6NEWWW,29
7R897CZMXE,10
7R897CZMXE,13
7R897CZMXE,18
7R897CZMXE,24
MMW6T9WBH3,18
MMW6T9WBH3,22
MMW6T9WBH3,25
E9CX02NIH5,26
E9CX02NIH5,3
E9CX02NIH5,12
E9CX02NIH5,5
86YL6KLCBX,9
86YL6KLCBX,21
86YL6KLCBX,2
86YL6KLCBX,23
86YL6KLCBX,28
86YL6KLCBX,35
PZQOS9GAIF,23
PZQOS9GAIF,38
PZQOS9GAIF,33
PZQOS9GAIF,15
PZQOS9GAIF,29
GJG7C2Q98O,19
GJG7C2Q98O,25
GJG7C2Q98O,39
GJG7C2Q98O,35
GJG7C2Q98O,39
GJG7C2Q98O,5
BEL5R81UMI,40
BEL5R81UMI,25
BEL5R81UMI,14
7YZ7ZF02IY,37
7YZ7ZF02IY,35
7YZ7ZF02IY,4
7YZ7ZF02IY,33
7YZ7ZF02IY,33
7YZ7ZF02IY,7
7YZ7ZF02IY,9
7YZ7ZF02IY,7
QMUJ9OAR42,5
QMUJ9OAR42,6
QMUJ9OAR42,33
K6NAS3VGN8,33
K6NAS3VGN8,3
K6NAS3VGN8,38
AECDGZXUHK,1
AECDGZXUHK,39
AECDGZXUHK,11
AECDGZXUHK,7
AECDGZXUHK,6
AECDGZXUHK,18
AECDGZXUHK,38
AECDGZXUHK,29
AECDGZXUHK,5
HE2QAI5YQR,10
HE2QAI5YQR,21
HE2QAI5YQR,2
HE2QAI5YQR,22
HE2QAI5YQR,39
HE2QAI5YQR,33
HE2QAI5YQR,37
HE2QAI5YQR,17
56MMQ5WXUD,19
56MMQ5WXUD,13
56MMQ5WXUD,37
56MMQ5WXUD,5
56MMQ5WXUD,2
56MMQ5WXUD,36
56MMQ5WXUD,7
56MMQ5WXUD,32
MJBKM7314J,7
MJBKM7314J,13
MJBKM7314J,7
MJBKM7314J,15
Q53BXMMPBV,34
Q53BXMMPBV,17
Q53BXMMPBV,24
Q53BXMMPBV,37
Q53BXMMPBV,10
Q53BXMMPBV,22
Q53BXMMPBV,14
F64NHODVRQ,24
F64NHODVRQ,10
F64NHODVRQ,37
F64NHODVRQ,21
FKA39A8GXT,20
FKA39A8GXT,40
FKA39A8GXT,4
FKA39A8GXT,7
FKA39A8GXT,22
FKA39A8GXT,8
I9N04AMKQM,5
I9N04AMKQM,29
I9N04AMKQM,38
I9N04AMKQM,26
I9N04AMKQM,8
I9N04AMKQM,16
I9N04AMKQM,34
I9N04AMKQM,11
I9N04AMKQM,8
WBUZB3DSLE,24
WBUZB3DSLE,19
WBUZB3DSLE,14
WBUZB3DSLE,32
WBUZB3DSLE,19
WBUZB3DSLE,39
WBUZB3DSLE,35
WBUZB3DSLE,1
9Z84VU06YW,16
9Z84VU06YW,19
9Z84VU06YW,34
2S1TE9WHHS,5
2S1TE9WHHS,13
2S1TE9WHHS,10
2S1TE9WHHS,24
2S1TE9WHHS,16
2S1TE9WHHS,3
3072JXT4YX,24
3072JXT4YX,23
3072JXT4YX,22
3072JXT4YX,17
3072JXT4YX,19
3072JXT4YX,16
3072JXT4YX,24
3072JXT4YX,36
VX6LO2P83L,10
VX6LO2P83L,13
VX6LO2P83L,10
VX6LO2P83L,27
VX6LO2P83L,13
5UWEOFS2K6,9
5UWEOFS2K6,34
5UWEOFS2K6,7
5UWEOFS2K6,6
5UWEOFS2K6,24
5UWEOFS2K6,13
5UWEOFS2K6,4
4IKMK3JMJQ,28
4IKMK3JMJQ,2
4IKMK3JMJQ,34
4IKMK3JMJQ,24
4IKMK3JMJQ,25
4IKMK3JMJQ,6
4IKMK3JMJQ,39
VVWPVMMLMY,8
VVWPVMMLMY,6
VVWPVMMLMY,40
VVWPVMMLMY,32
VVWPVMMLMY,29
VVWPVMMLMY,18
GNFU2F11GC,18
GNFU2F11GC,17
GNFU2F11GC,8
GNFU2F11GC,40
GNFU2F11GC,2
GNFU2F11GC,17
I7B1LOTDD3,17
I7B1LOTDD3,33
I7B1LOTDD3,3
I7B1LOTDD3,8
I7B1LOTDD3,24
I7B1LOTDD3,9
I7B1LOTDD3,19
I7B1LOTDD3,40
I7B1LOTDD3,1
TVJRXIAEXJ,14
TVJRXIAEXJ,14
TVJRXIAEXJ,4
TVJRXIAEXJ,32
5QNW8LWJXC,3
5QNW8LWJXC,40
5QNW8LWJXC,17
79T0VBK0DD,19
79T0VBK0DD,16
79T0VBK0DD,14
79T0VBK0DD,40
79T0VBK0DD,9
79T0VBK0DD,26
79T0VBK0DD,38
79T0VBK0DD,24
34R2XOUO2S,7
34R2XOUO2S,29
34R2XOUO2S,12
34R2XOUO2S,3
34R2XOUO2S,29
34R2XOUO2S,36
KIJGLA2MYW,22
KIJGLA2MYW,27
KIJGLA2MYW,12
KIJGLA2MYW,7
KIJGLA2MYW,27
KIJGLA2MYW,38
KIJGLA2MYW,20
KIJGLA2MYW,24
0MS1701UR5,27
0MS1701UR5,37
0MS1701UR5,1
0MS1701UR5,24
0MS1701UR5,30
0MS1701UR5,17
0MS1701UR5,19
0MS1701UR5,27
0MS1701UR5,22
DHGV1RUVM5,37
DHGV1RUVM5,21
DHGV1RUVM5,8
DHGV1RUVM5,40
DHGV1RUVM5,37
DHGV1RUVM5,13
DHGV1RUVM5,16
DHGV1RUVM5,35
DHGV1RUVM5,37
W8NB0Z0M0D,28
W8NB0Z0M0D,13
W8NB0Z0M0D,26
W8NB0Z0M0D,11
W8NB0Z0M0D,24
W8NB0Z0M0D,31
W8NB0Z0M0D,29
W8NB0Z0M0D,15
J46AOERW5M,1
J46AOERW5M,40
J46AOERW5M,4
J46AOERW5M,31
J46AOERW5M,13
J46AOERW5M,24
J46AOERW5M,27
OOCORX81UI,12
OOCORX81UI,11
OOCORX81UI,38
OOCORX81UI,37
MCVKX33JT5,35
MCVKX33JT5,11
MCVKX33JT5,2
M5QKHSF54B,32
M5QKHSF54B,24
M5QKHSF54B,29
M5QKHSF54B,39
M5QKHSF54B,32
M5QKHSF54B,35
M5QKHSF54B,25
M5QKHSF54B,32
M5QKHSF54B,39
14EB0TBC1K,2
14EB0TBC1K,36
14EB0TBC1K,29
14EB0TBC1K,4
14EB0TBC1K,16
14EB0TBC1K,5
WI1YGODMBO,5
WI1YGODMBO,14
WI1YGODMBO,35
WI1YGODMBO,24
WI1YGODMBO,23
WI1YGODMBO,2
WI1YGODMBO,38
WI1YGODMBO,7
CIQ8N9DP88,11
CIQ8N9DP88,35
CIQ8N9DP88,5
CIQ8N9DP88,26
CIQ8N9DP88,17
D599SF8VVC,34
D599SF8VVC,34
D599SF8VVC,36
D599SF8VVC,23
D599SF8VVC,16
D599SF8VVC,13
WYHFZ9454W,35
WYHFZ9454W,22
WYHFZ9454W,34
WYHFZ9454W,36
WYHFZ9454W,18
WYHFZ9454W,40
480D0SWJBO,35
480D0SWJBO,27
480D0SWJBO,29
480D0SWJBO,5
480D0SWJBO,36
EEBOW4UG35,26
EEBOW4UG35,10
EEBOW4UG35,38
BIJ7UUZ7L3,4
BIJ7UUZ7L3,16
BIJ7UUZ7L3,24
BIJ7UUZ7L3,40
BIJ7UUZ7L3,6
BIJ7UUZ7L3,35
BIJ7UUZ7L3,1
BIJ7UUZ7L3,17
GW0L81YMI1,24
GW0L81YMI1,5
GW0L81YMI1,3
GW0L81YMI1,15
GW0L81YMI1,30
5ABVPJXPIF,36
5ABVPJXPIF,16
5ABVPJXPIF,24
5ABVPJXPIF,13
5ABVPJXPIF,25
5ABVPJXPIF,28
GTW1IAYF2U,27
GTW1IAYF2U,1
GTW1IAYF2U,10
V000W5J6NT,33
V000W5J6NT,33
V000W5J6NT,36
V000W5J6NT,33
V000W5J6NT,37
V000W5J6NT,28
GZRMR64BEG,2
GZRMR64BEG,20
GZRMR64BEG,21
GZRMR64BEG,29
NCPYWRXALB,27
NCPYWRXALB,4
NCPYWRXALB,40
NCPYWRXALB,40
NCPYWRXALB,31
NCPYWRXALB,1
5OYYQ78N4G,35
5OYYQ78N4G,24
5OYYQ78N4G,19
5OYYQ78N4G,19
5OYYQ78N4G,37
RXNDYG8UCT,19
RXNDYG8UCT,17
RXNDYG8UCT,29
RXNDYG8UCT,35
RXNDYG8UCT,31
YZUSWVX2Y6,17
YZUSWVX2Y6,22
YZUSWVX2Y6,15
YZUSWVX2Y6,32
YZUSWVX2Y6,23
YZUSWVX2Y6,30
YZUSWVX2Y6,9
YZUSWVX2Y6,23
3PNZNGEJ31,17
3PNZNGEJ31,4
3PNZNGEJ31,13
5G702QGSIU,29
5G702QGSIU,15
5G702QGSIU,7
5G702QGSIU,33
5G702QGSIU,10
5G702QGSIU,21
F7T4CQM2CJ,9
F7T4CQM2CJ,24
F7T4CQM2CJ,17
F7T4CQM2CJ,33
F7T4CQM2CJ,33
F7T4CQM2CJ,19
F7T4CQM2CJ,40
6EEP5GDB3D,27
6EEP5GDB3D,1
6EEP5GDB3D,28
6EEP5GDB3D,13
8P9S4KX04I,10
8P9S4KX04I,8
8P9S4KX04I,30
2H9VADODBT,10
2H9VADODBT,12
2H9VADODBT,13
2H9VADODBT,33
2H9VADODBT,40
2H9VADODBT,36
2H9VADODBT,33
2H9VADODBT,9
2H9VADODBT,16
E4JYKAVQF7,2
E4JYKAVQF7,40
E4JYKAVQF7,10
E4JYKAVQF7,38
E4JYKAVQF7,35
4SIXOCPVZK,16
4SIXOCPVZK,23
4SIXOCPVZK,4
4SIXOCPVZK,6
4SIXOCPVZK,30
4SIXOCPVZK,27
4SIXOCPVZK,38
4SIXOCPVZK,29
4SIXOCPVZK,39
MMTAZNPLLA,30
MMTAZNPLLA,18
MMTAZNPLLA,32
MMTAZNPLLA,14
5GUK1FPNKV,35
5GUK1FPNKV,30
5GUK1FPNKV,1
5GUK1FPNKV,30
PZTA3949XW,31
PZTA3949XW,13
PZTA3949XW,10
PZTA3949XW,9
PZTA3949XW,19
PZTA3949XW,23
O4K92HN7H3,24
O4K92HN7H3,34
O4K92HN7H3,3
O4K92HN7H3,34
TWWYQTZZ4J,21
TWWYQTZZ4J,10
TWWYQTZZ4J,14
TWWYQTZZ4J,14
TWWYQTZZ4J,34
TWWYQTZZ4J,7
TWWYQTZZ4J,28
BALFTPEZEX,26
BALFTPEZEX,34
BALFTPEZEX,7
BALFTPEZEX,40
BALFTPEZEX,5
BALFTPEZEX,34
BALFTPEZEX,39
BALFTPEZEX,7
BALFTPEZEX,3
XX7B6JEXB5,40
XX7B6JEXB5,8
XX7B6JEXB5,12
XX7B6JEXB5,32
XX7B6JEXB5,26
XX7B6JEXB5,21
7HNF37JV38,6
7HNF37JV38,1
7HNF37JV38,26
OBMVBXCMKW,32
OBMVBXCMKW,16
OBMVBXCMKW,31
OBMVBXCMKW,3
OBMVBXCMKW,24
OBMVBXCMKW,24
OBMVBXCMKW,31
OBMVBXCMKW,11
XMBWZ9MXFS,14
XMBWZ9MXFS,36
XMBWZ9MXFS,21
XMBWZ9MXFS,5
XMBWZ9MXFS,29
XMBWZ9MXFS,22
XMBWZ9MXFS,10
LCUJ5VA0LU,35
LCUJ5VA0LU,4
LCUJ5VA0LU,22
LCUJ5VA0LU,11
O0433044JR,24
O0433044JR,25
O0433044JR,24
O0433044JR,12
O0433044JR,10
O0433044JR,28
O0433044JR,13
O0433044JR,14
CYJIMMYO7S,27
CYJIMMYO7S,31
CYJIMMYO7S,31
CYJIMMYO7S,38
CYJIMMYO7S,7
CYJIMMYO7S,29
CYJIMMYO7S,34
Y1RICO7WH0,16
Y1RICO7WH0,33
Y1RICO7WH0,9
LAB4QT0MOZ,29
LAB4QT0MOZ,12
LAB4QT0MOZ,18
LAB4QT0MOZ,29
LAB4QT0MOZ,13
3YZGHHT34W,5
3YZGHHT34W,17
3YZGHHT34W,12
3YZGHHT34W,21
3YZGHHT34W,16
3YZGHHT34W,23
3YZGHHT34W,24
A4FRUZO94Q,8
A4FRUZO94Q,20
A4FRUZO94Q,24
ESAVCH4JE4,33
ESAVCH4JE4,5
ESAVCH4JE4,31
ESAVCH4JE4,36
ESAVCH4JE4,12
ESAVCH4JE4,28
ESAVCH4JE4,23
ESAVCH4JE4,14
ESAVCH4JE4,21
1F0L4XULBR,1
1F0L4XULBR,38
1F0L4XULBR,7
1F0L4XULBR,3
1F0L4XULBR,37
1F0L4XULBR,30
DY1S8301CC,29
DY1S8301CC,32
DY1S8301CC,26
DY1S8301CC,13
DY1S8301CC,17
DY1S8301CC,21
TMTDPPX4TL,28
TMTDPPX4TL,1
TMTDPPX4TL,8
TMTDPPX4TL,31
TMTDPPX4TL,36
TMTDPPX4TL,20
TMTDPPX4TL,20
CX3P8DR0ZA,40
CX3P8DR0ZA,21
CX3P8DR0ZA,16
CX3P8DR0ZA,21
CX3P8DR0ZA,26
CX3P8DR0ZA,36
CX3P8DR0ZA,38
CX3P8DR0ZA,36
CX3P8DR0ZA,14
BCWOZ46J4N,32
BCWOZ46J4N,23
BCWOZ46J4N,16
DVI4E71MW9,39
DVI4E71MW9,14
DVI4E71MW9,1
1KB2BBKWRW,13
1KB2BBKWRW,27
1KB2BBKWRW,16
1KB2BBKWRW,37
1KB2BBKWRW,3
1KB2BBKWRW,31
1KB2BBKWRW,5
1KB2BBKWRW,9
1KB2BBKWRW,2
1EB016PF28,6
1EB016PF28,19
1EB016PF28,7
GFAFUFLL5F,24
GFAFUFLL5F,8
GFAFUFLL5F,26
GFAFUFLL5F,25
GFAFUFLL5F,4
W7VPARTQGT,35
W7VPARTQGT,30
W7VPARTQGT,20
W7VPARTQGT,23
W7VPARTQGT,16
W7VPARTQGT,30
W7VPARTQGT,4
W7VPARTQGT,17
W7VPARTQGT,2
RA5UQ73XND,21
RA5UQ73XND,22
RA5UQ73XND,36
RA5UQ73XND,9
T6VTIEY18V,40
T6VTIEY18V,3
T6VTIEY18V,33
T6VTIEY18V,4
T6VTIEY18V,9
T6VTIEY18V,6
T6VTIEY18V,9
T6VTIEY18V,24
T6VTIEY18V,21
WX2APCEP3D,13
WX2APCEP3D,29
WX2APCEP3D,5
WX2APCEP3D,10
WX2APCEP3D,33
WX2APCEP3D,12
WX2APCEP3D,6
4OHQI0OHJ3,22
4OHQI0OHJ3,18
4OHQI0OHJ3,33
4OHQI0OHJ3,8
4OHQI0OHJ3,21
4OHQI0OHJ3,6
4OHQI0OHJ3,3
4OHQI0OHJ3,30
2XBY3BXGRD,31
2XBY3BXGRD,33
2XBY3BXGRD,25
2XBY3BXGRD,25
2XBY3BXGRD,17
2XBY3BXGRD,3
07L1K4BTQP,34
07L1K4BTQP,7
07L1K4BTQP,11
07L1K4BTQP,7
07L1K4BTQP,1
07L1K4BTQP,18
07L1K4BTQP,32
07L1K4BTQP,34
07L1K4BTQP,37
9A7KKW1ACS,5
9A7KKW1ACS,15
9A7KKW1ACS,26
9A7KKW1ACS,35
9A7KKW1ACS,27
9A7KKW1ACS,2
ZIAP5RATKO,34
ZIAP5RATKO,37
ZIAP5RATKO,17
ZIAP5RATKO,34
ZIAP5RATKO,37
ZIAP5RATKO,12
ZIAP5RATKO,32
ZIAP5RATKO,19
ZIAP5RATKO,33
6UJUM21W4M,2
6UJUM21W4M,4
6UJUM21W4M,3
6UJUM21W4M,38
6UJUM21W4M,34
AYDHGP2DK7,36
AYDHGP2DK7,26
AYDHGP2DK7,37
AYDHGP2DK7,5
AYDHGP2DK7,33
AYDHGP2DK7,7
AYDHGP2DK7,35
IGEXRYF6WN,34
IGEXRYF6WN,36
IGEXRYF6WN,23
IGEXRYF6WN,40
IGEXRYF6WN,7
IGEXRYF6WN,31
IGEXRYF6WN,27
72RD9IINDT,37
72RD9IINDT,36
72RD9IINDT,25
72RD9IINDT,38
72RD9IINDT,13
72RD9IINDT,11
72RD9IINDT,2
72RD9IINDT,14
SH0KYXE8GK,40
SH0KYXE8GK,14
SH0KYXE8GK,3
SH0KYXE8GK,11
SH0KYXE8GK,29
VDQLJSCL5E,10
VDQLJSCL5E,17
VDQLJSCL5E,37
VDQLJSCL5E,6
VDQLJSCL5E,38
VDQLJSCL5E,11
VDQLJSCL5E,39
VDQLJSCL5E,11
6JMUIZZJ0D,14
6JMUIZZJ0D,7
6JMUIZZJ0D,29
6JMUIZZJ0D,31
6JMUIZZJ0D,6
6JMUIZZJ0D,21
11KRJOXI3M,16
11KRJOXI3M,15
11KRJOXI3M,32
11KRJOXI3M,17
11KRJOXI3M,32
11KRJOXI3M,38
11KRJOXI3M,31
11KRJOXI3M,6
TU6GPPFAM1,38
TU6GPPFAM1,12
TU6GPPFAM1,14
TU6GPPFAM1,8
TU6GPPFAM1,4
D1R7Z5BXHZ,14
D1R7Z5BXHZ,29
D1R7Z5BXHZ,23
D1R7Z5BXHZ,2
D1R7Z5BXHZ,34
D1R7Z5BXHZ,20
D1R7Z5BXHZ,25
4M2I8HZT3Y,21
4M2I8HZT3Y,27
4M2I8HZT3Y,9
4M2I8HZT3Y,32
C3J7AUX3I9,13
C3J7AUX3I9,22
C3J7AUX3I9,40
C3J7AUX3I9,17
D5TUV3885H,40
D5TUV3885H,9
D5TUV3885H,32
9YONXPCYWU,10
9YONXPCYWU,12
9YONXPCYWU,26
9YONXPCYWU,14
9YONXPCYWU,30
8D8R6FDPBS,20
8D8R6FDPBS,2
8D8R6FDPBS,19
8D8R6FDPBS,11
8D8R6FDPBS,29
8D8R6FDPBS,23
8D8R6FDPBS,10
8D8R6FDPBS,29
8D8R6FDPBS,23
XL8271MUK0,11
XL8271MUK0,1
XL8271MUK0,36
XL8271MUK0,12
XL8271MUK0,1
XL8271MUK0,3
XL8271MUK0,36
XL8271MUK0,5
EPN5R9FP2D,14
EPN5R9FP2D,34
EPN5R9FP2D,22
EPN5R9FP2D,27
EPN5R9FP2D,40
KQH7ZXCPNT,25
KQH7ZXCPNT,19
KQH7ZXCPNT,39
KQH7ZXCPNT,38
B380GU9DJM,18
B380GU9DJM,26
B380GU9DJM,30
S90KK9N02O,31
S90KK9N02O,7
S90KK9N02O,9
0BP6CRZ1IA,21
0BP6CRZ1IA,19
0BP6CRZ1IA,11
0BP6CRZ1IA,14
0BP6CRZ1IA,37
25J9TPNMDB,25
25J9TPNMDB,28
25J9TPNMDB,29
25J9TPNMDB,34
25J9TPNMDB,34
25J9TPNMDB,13
25J9TPNMDB,5
JGHKYSHWHR,34
JGHKYSHWHR,19
JGHKYSHWHR,1
JGHKYSHWHR,8
JGHKYSHWHR,34
4FQ4JX2LJ3,12
4FQ4JX2LJ3,24
4FQ4JX2LJ3,8
4FQ4JX2LJ3,14
4FQ4JX2LJ3,35
4FQ4JX2LJ3,13
4FQ4JX2LJ3,36
4FQ4JX2LJ3,18
4FQ4JX2LJ3,35
C8ZFNWO7YJ,6
C8ZFNWO7YJ,20
C8ZFNWO7YJ,8
JVDY59S8F7,29
JVDY59S8F7,3
JVDY59S8F7,30
JVDY59S8F7,37
JVDY59S8F7,12
JVDY59S8F7,14
JVDY59S8F7,17
JVDY59S8F7,2
JVDY59S8F7,39
OW6NLHEZA5,37
OW6NLHEZA5,35
OW6NLHEZA5,32
OW6NLHEZA5,37
OW6NLHEZA5,9
OW6NLHEZA5,36
FT0GT8OA5T,3
FT0GT8OA5T,39
FT0GT8OA5T,25
SYWLQU90VU,35
SYWLQU90VU,37
SYWLQU90VU,12
BXF079P5I7,27
BXF079P5I7,26
BXF079P5I7,20
BXF079P5I7,22
BXF079P5I7,13
BXF079P5I7,10
BXF079P5I7,40
BXF079P5I7,33
ZIDWVES855,24
ZIDWVES855,14
ZIDWVES855,27
ZIDWVES855,35
ZIDWVES855,11
ZIDWVES855,23
ZIDWVES855,40
ZIDWVES855,33
9AFJ5P9S7O,6
9AFJ5P9S7O,7
9AFJ5P9S7O,38
9AFJ5P9S7O,16
9AFJ5P9S7O,2
9AFJ5P9S7O,13
9AFJ5P9S7O,21
9AFJ5P9S7O,31
WYBN6LOKVL,1
WYBN6LOKVL,4
WYBN6LOKVL,28
WYBN6LOKVL,33
WYBN6LOKVL,30
WYBN6LOKVL,26
WYBN6LOKVL,23
WYBN6LOKVL,17
WYBN6LOKVL,28
KPTJM7GE7U,12
KPTJM7GE7U,30
KPTJM7GE7U,3
KPTJM7GE7U,7
KPTJM7GE7U,37
KPTJM7GE7U,22
KPTJM7GE7U,13
KPTJM7GE7U,22
K96WY2OC04,33
K96WY2OC04,4
K96WY2OC04,14
K96WY2OC04,29
K96WY2OC04,24
K96WY2OC04,32
K96WY2OC04,1
K96WY2OC04,33
DR9EYU772V,36
DR9EYU772V,15
DR9EYU772V,15
DR9EYU772V,3
DR9EYU772V,23
CKNT4ZGWXB,30
CKNT4ZGWXB,29
CKNT4ZGWXB,8
RPRFC3N2YU,38
RPRFC3N2YU,35
RPRFC3N2YU,5
RPRFC3N2YU,8
IWRXRLQZ2I,24
IWRXRLQZ2I,8
IWRXRLQZ2I,33
IWRXRLQZ2I,8
VCW0IM9676,37
VCW0IM9676,5
VCW0IM9676,23
VCW0IM9676,4
VCW0IM9676,4
VCW0IM9676,19
VCW0IM9676,32
VCW0IM9676,19
VCW0IM9676,33
GHM3PLNZ2A,28
GHM3PLNZ2A,20
GHM3PLNZ2A,14
O1DJKVFXXX,3
O1DJKVFXXX,40
O1DJKVFXXX,4
O1DJKVFXXX,8
O1DJKVFXXX,23
O1DJKVFXXX,27
O1DJKVFXXX,22
OGIMGJZ3PC,7
OGIMGJZ3PC,14
OGIMGJZ3PC,9
OGIMGJZ3PC,4
OGIMGJZ3PC,19
OGIMGJZ3PC,6
9GAXCXTTH8,1
9GAXCXTTH8,36
9GAXCXTTH8,18
9GAXCXTTH8,20
9GAXCXTTH8,2
9GAXCXTTH8,19
KR6W78Z7RA,27
KR6W78Z7RA,38
KR6W78Z7RA,24
KR6W78Z7RA,37
KR6W78Z7RA,18
KR6W78Z7RA,20
NVSRV8929A,17
NVSRV8929A,36
NVSRV8929A,15
NVSRV8929A,36
NVSRV8929A,35
X6OPGW2Q9K,23
X6OPGW2Q9K,10
X6OPGW2Q9K,19
X6OPGW2Q9K,30
X6OPGW2Q9K,38
X6OPGW2Q9K,34
8J6B3HUB1O,25
8J6B3HUB1O,39
8J6B3HUB1O,32
8J6B3HUB1O,18
8J6B3HUB1O,30
8J6B3HUB1O,18
FDKWVSPQ16,7
FDKWVSPQ16,6
FDKWVSPQ16,26
FDKWVSPQ16,15
FLV0MCA34O,8
FLV0MCA34O,16
FLV0MCA34O,12
FLV0MCA34O,26
7BCO0UMVXU,13
7BCO0UMVXU,8
7BCO0UMVXU,24
7BCO0UMVXU,26
7BCO0UMVXU,2
7BCO0UMVXU,29
7BCO0UMVXU,33
7BCO0UMVXU,20
5TCCV2HRY5,2
5TCCV2HRY5,34
5TCCV2HRY5,40
5TCCV2HRY5,22
5TCCV2HRY5,31
5TCCV2HRY5,30
5TCCV2HRY5,14
5TCCV2HRY5,4
MKHTPBI0EI,6
MKHTPBI0EI,21
MKHTPBI0EI,18
MKHTPBI0EI,33
MKHTPBI0EI,33
MKHTPBI0EI,27
MKHTPBI0EI,11
MKHTPBI0EI,40
MKHTPBI0EI,11
URP3LZZZ8M,33
URP3LZZZ8M,28
URP3LZZZ8M,13
URP3LZZZ8M,7
URP3LZZZ8M,17
URP3LZZZ8M,21
URP3LZZZ8M,8
JEX5YGQU2X,11
JEX5YGQU2X,39
JEX5YGQU2X,33
JEX5YGQU2X,18
JEX5YGQU2X,8
PL83L5SDGL,6
PL83L5SDGL,29
PL83L5SDGL,25
PL83L5SDGL,27
PL83L5SDGL,23
PL83L5SDGL,9
PL83L5SDGL,3
PL83L5SDGL,40
PL83L5SDGL,28
63YEHVUAFJ,22
63YEHVUAFJ,3
63YEHVUAFJ,7
63YEHVUAFJ,13
N3NZXK76D1,38
N3NZXK76D1,32
N3NZXK76D1,27
N3NZXK76D1,15
N3NZXK76D1,4
N3NZXK76D1,25
1XPAYRDK7B,36
1XPAYRDK7B,19
1XPAYRDK7B,40
1XPAYRDK7B,34
1XPAYRDK7B,35
1XPAYRDK7B,30
1XPAYRDK7B,11
1XPAYRDK7B,39
1XPAYRDK7B,22
NII9QJYQVP,27
NII9QJYQVP,29
NII9QJYQVP,2
M40KRGXSPF,2
M40KRGXSPF,8
M40KRGXSPF,2
M40KRGXSPF,1
M40KRGXSPF,4
M40KRGXSPF,16
M40KRGXSPF,3
WO5KCRXQ5E,5
WO5KCRXQ5E,3
WO5KCRXQ5E,20
27OSI2QAQL,31
27OSI2QAQL,38
27OSI2QAQL,23
O1E48FZL0W,2
O1E48FZL0W,7
O1E48FZL0W,33
3I36E86HWN,27
3I36E86HWN,8
3I36E86HWN,29
3I36E86HWN,22
3I36E86HWN,1
3I36E86HWN,19
3I36E86HWN,11
3I36E86HWN,35
1EEVGMWJFW,24
1EEVGMWJFW,36
1EEVGMWJFW,17
1EEVGMWJFW,6
1EEVGMWJFW,11
CGXQVJ2G73,33
CGXQVJ2G73,7
CGXQVJ2G73,1
CGXQVJ2G73,27
CGXQVJ2G73,11
CGXQVJ2G73,36
CGXQVJ2G73,37
6N15H8V45H,36
6N15H8V45H,3
6N15H8V45H,32
6N15H8V45H,29
6N15H8V45H,36
6N15H8V45H,14
6N15H8V45H,29
6N15H8V45H,23
ZTIY3YOUQ0,7
ZTIY3YOUQ0,40
ZTIY3YOUQ0,3
ZTIY3YOUQ0,26
ZTIY3YOUQ0,1
ZTIY3YOUQ0,20
ZTIY3YOUQ0,28
ZTIY3YOUQ0,40
QG9YDJOTJN,22
QG9YDJOTJN,32
QG9YDJOTJN,30
QG9YDJOTJN,19
QG9YDJOTJN,17
TY6IUDF1I8,25
TY6IUDF1I8,31
TY6IUDF1I8,2
TY6IUDF1I8,30
TY6IUDF1I8,24
TY6IUDF1I8,37
TTETTVUWI7,21
TTETTVUWI7,13
TTETTVUWI7,10
AXK7A4GXSG,18
AXK7A4GXSG,5
AXK7A4GXSG,23
AXK7A4GXSG,30
AXK7A4GXSG,22
2L8W8HOGFF,39
2L8W8HOGFF,19
2L8W8HOGFF,31
2L8W8HOGFF,10
2L8W8HOGFF,13
2L8W8HOGFF,36
2L8W8HOGFF,38
2L8W8HOGFF,31
2L8W8HOGFF,27
7IKG8TTVV7,9
7IKG8TTVV7,6
7IKG8TTVV7,23
7IKG8TTVV7,7
7IKG8TTVV7,33
7IKG8TTVV7,10
SWXFRV8M8W,9
SWXFRV8M8W,9
SWXFRV8M8W,4
SWXFRV8M8W,9
SWXFRV8M8W,16
SWXFRV8M8W,11
SWXFRV8M8W,24
7MRTICDNBT,34
7MRTICDNBT,9
7MRTICDNBT,11
7MRTICDNBT,37
7MRTICDNBT,27
7MRTICDNBT,21
7MRTICDNBT,6
7MRTICDNBT,38
7MRTICDNBT,11
T65PLD9DIJ,4
T65PLD9DIJ,17
T65PLD9DIJ,29
T65PLD9DIJ,3
T65PLD9DIJ,28
T65PLD9DIJ,19
T65PLD9DIJ,5
JCMVPNBKAI,33
JCMVPNBKAI,7
JCMVPNBKAI,13
HCOC6S3FRG,15
HCOC6S3FRG,37
HCOC6S3FRG,36
HCOC6S3FRG,27
HCOC6S3FRG,5
HCOC6S3FRG,28
HCOC6S3FRG,15
HCOC6S3FRG,27
RV7NHX7ZBY,9
RV7NHX7ZBY,11
RV7NHX7ZBY,1
RV7NHX7ZBY,14
RV7NHX7ZBY,22
RV7NHX7ZBY,28
49KZ57VIMX,38
49KZ57VIMX,23
49KZ57VIMX,3
NDZQE7JG2N,24
NDZQE7JG2N,15
NDZQE7JG2N,33
NDZQE7JG2N,24
Y200O1UHQQ,11
Y200O1UHQQ,18
Y200O1UHQQ,12
Y200O1UHQQ,39
Y200O1UHQQ,9
Y200O1UHQQ,23
Y200O1UHQQ,19
Y200O1UHQQ,3
ZKF0NZQZNL,13
ZKF0NZQZNL,4
ZKF0NZQZNL,22
ZKF0NZQZNL,36
OH908EDXPW,19
OH908EDXPW,3
OH908EDXPW,10
7SUJ7GX5W7,32
7SUJ7GX5W7,26
7SUJ7GX5W7,16
7SUJ7GX5W7,18
7SUJ7GX5W7,36
7SUJ7GX5W7,1
7SUJ7GX5W7,4
UKNE3MSJE8,26
UKNE3MSJE8,6
UKNE3MSJE8,16
UKNE3MSJE8,3
UKNE3MSJE8,16
UKNE3MSJE8,26
UKNE3MSJE8,15
UKNE3MSJE8,25
ZPSGUEKIHS,32
ZPSGUEKIHS,22
ZPSGUEKIHS,12
ZPSGUEKIHS,7
ZPSGUEKIHS,5
ZPSGUEKIHS,5
Q7A5G1G1IU,33
Q7A5G1G1IU,21
Q7A5G1G1IU,29
Q7A5G1G1IU,28
Q7A5G1G1IU,1
Q7A5G1G1IU,14
BZIZJRBWT8,31
BZIZJRBWT8,33
BZIZJRBWT8,18
BZIZJRBWT8,37
BZIZJRBWT8,27
BZIZJRBWT8,32
BZIZJRBWT8,8
GD9070J2HB,6
GD9070J2HB,36
GD9070J2HB,19
GD9070J2HB,5
GD9070J2HB,35
GD9070J2HB,5
GD9070J2HB,6
GD9070J2HB,12
B32TR0V7QF,18
B32TR0V7QF,25
B32TR0V7QF,12
B32TR0V7QF,31
HUVHPJ87VP,13
HUVHPJ87VP,1
HUVHPJ87VP,18
HUVHPJ87VP,24
9G1OGNGX0X,3
9G1OGNGX0X,1
9G1OGNGX0X,33
9G1OGNGX0X,35
9G1OGNGX0X,12
9G1OGNGX0X,15
9G1OGNGX0X,10
9G1OGNGX0X,22
9G1OGNGX0X,23
LQBX6WAYJ5,34
LQBX6WAYJ5,16
LQBX6WAYJ5,3
LQBX6WAYJ5,14
LQBX6WAYJ5,38
LQBX6WAYJ5,5
LQBX6WAYJ5,30
TZIQLW8EIL,37
TZIQLW8EIL,24
TZIQLW8EIL,4
TZIQLW8EIL,30
0UO1E0C0H6,12
0UO1E0C0H6,39
0UO1E0C0H6,20
0UO1E0C0H6,32
0UO1E0C0H6,25
0UO1E0C0H6,4
0UO1E0C0H6,28
OFOF43WV8P,16
OFOF43WV8P,40
OFOF43WV8P,40
OFOF43WV8P,20
OFOF43WV8P,38
OFOF43WV8P,17
OFOF43WV8P,19
OFOF43WV8P,5
KZOU0OOK5B,8
KZOU0OOK5B,26
KZOU0OOK5B,14
KZOU0OOK5B,16
KZOU0OOK5B,31
KZOU0OOK5B,17
KZOU0OOK5B,1
KZOU0OOK5B,29
KZOU0OOK5B,40
0TJ7D8DL4R,37
0TJ7D8DL4R,25
0TJ7D8DL4R,14
0TJ7D8DL4R,5
0TJ7D8DL4R,14
0TJ7D8DL4R,37
0TJ7D8DL4R,7
0TJ7D8DL4R,29
OH9J6LSGW5,16
OH9J6LSGW5,2
OH9J6LSGW5,28
OH9J6LSGW5,20
OH9J6LSGW5,32
OH9J6LSGW5,11
OH9J6LSGW5,24
OH9J6LSGW5,31
OH9J6LSGW5,18
8JOG1LV5WM,24
8JOG1LV5WM,28
8JOG1LV5WM,18
8JOG1LV5WM,28
V38VKKVD60,14
V38VKKVD60,3
V38VKKVD60,24
V38VKKVD60,19
V38VKKVD60,40
V38VKKVD60,31
99ZL7MVKMZ,3
99ZL7MVKMZ,11
99ZL7MVKMZ,3
99ZL7MVKMZ,20
99ZL7MVKMZ,16
99ZL7MVKMZ,22
99ZL7MVKMZ,31
FP7MK682J6,32
FP7MK682J6,18
FP7MK682J6,36
FP7MK682J6,14
FP7MK682J6,24
FP7MK682J6,24
FP7MK682J6,12
SJVCMEQALL,27
SJVCMEQALL,23
SJVCMEQALL,38
SJVCMEQALL,36
SJVCMEQALL,15
SJVCMEQALL,14
SJVCMEQALL,8
SJVCMEQALL,5
SJVCMEQALL,26
D1BV151IDP,36
D1BV151IDP,6
D1BV151IDP,40
D1BV151IDP,7
D1BV151IDP,30
VWLKAQ9TFY,18
VWLKAQ9TFY,1
VWLKAQ9TFY,32
8Y8XEDC3JU,22
8Y8XEDC3JU,39
8Y8XEDC3JU,4
8Y8XEDC3JU,33
8Y8XEDC3JU,3
U50Q9H988W,9
U50Q9H988W,13
U50Q9H988W,21
U50Q9H988W,20
U50Q9H988W,20
U50Q9H988W,29
U50Q9H988W,36
U50Q9H988W,21
U50Q9H988W,26
U05V3TGK4P,32
U05V3TGK4P,22
U05V3TGK4P,13
U05V3TGK4P,2
WIPURAH9CZ,38
WIPURAH9CZ,22
WIPURAH9CZ,17
WIPURAH9CZ,37
WIPURAH9CZ,5
WIPURAH9CZ,34
R85A6RGDQF,2
R85A6RGDQF,5
R85A6RGDQF,38
R85A6RGDQF,10
R85A6RGDQF,7
JIAGJ8R6L0,10
JIAGJ8R6L0,15
JIAGJ8R6L0,6
JIAGJ8R6L0,11
VJDPGWZ6EC,1
VJDPGWZ6EC,10
VJDPGWZ6EC,32
VJDPGWZ6EC,8
VJDPGWZ6EC,40
VJDPGWZ6EC,23
VJDPGWZ6EC,19
VJDPGWZ6EC,29
VJDPGWZ6EC,21
FGRER5CQQR,1
FGRER5CQQR,33
FGRER5CQQR,14
FGRER5CQQR,25
ZI7R1BXXF8,40
ZI7R1BXXF8,38
ZI7R1BXXF8,16
ZI7R1BXXF8,30
ZI7R1BXXF8,6
ZI7R1BXXF8,30
ZI7R1BXXF8,39
T9TKGTONDK,12
T9TKGTONDK,31
T9TKGTONDK,7
T9TKGTONDK,16
T9TKGTONDK,37
L8OYH1UGR2,28
L8OYH1UGR2,19
L8OYH1UGR2,33
L8OYH1UGR2,16
L8OYH1UGR2,29
L8OYH1UGR2,14
L8OYH1UGR2,38
L8OYH1UGR2,22
LC96KLIWF1,10
LC96KLIWF1,8
LC96KLIWF1,17
LC96KLIWF1,4
LC96KLIWF1,32
LC96KLIWF1,39
LC96KLIWF1,8
LC96KLIWF1,29
2DVHHUQC85,15
2DVHHUQC85,39
2DVHHUQC85,24
2DVHHUQC85,24
2DVHHUQC85,34
2DVHHUQC85,2
2DVHHUQC85,2
YZGZPWQ69J,18
YZGZPWQ69J,23
YZGZPWQ69J,5
YZGZPWQ69J,33
YZGZPWQ69J,39
Y6PZYUEDCH,7
Y6PZYUEDCH,9
Y6PZYUEDCH,22
Y6PZYUEDCH,16
Y6PZYUEDCH,23
Y6PZYUEDCH,11
TATZ7SR33P,9
TATZ7SR33P,29
TATZ7SR33P,13
TATZ7SR33P,27
TATZ7SR33P,3
TATZ7SR33P,3
TATZ7SR33P,2
TATZ7SR33P,16
3SI8U4EEWO,19
3SI8U4EEWO,9
3SI8U4EEWO,4
3SI8U4EEWO,39
3SI8U4EEWO,5
3SI8U4EEWO,26
3SI8U4EEWO,3
4QJYP6Z9VX,16
4QJYP6Z9VX,6
4QJYP6Z9VX,11
4QJYP6Z9VX,12
4QJYP6Z9VX,7
4QJYP6Z9VX,31
4QJYP6Z9VX,31
EE4Y2Z0JFS,13
EE4Y2Z0JFS,22
EE4Y2Z0JFS,10
EE4Y2Z0JFS,20
EE4Y2Z0JFS,18
2IL9LQII1U,19
2IL9LQII1U,10
2IL9LQII1U,28
2IL9LQII1U,39
2IL9LQII1U,27
2IL9LQII1U,32
2IL9LQII1U,31
IIR7WYPWH2,1
IIR7WYPWH2,23
IIR7WYPWH2,11
IIR7WYPWH2,31
IIR7WYPWH2,40
IIR7WYPWH2,29
IIR7WYPWH2,39
IIR7WYPWH2,4
9B5T744UFJ,34
9B5T744UFJ,13
9B5T744UFJ,3
WDOYUQHDLK,6
WDOYUQHDLK,9
WDOYUQHDLK,8
WDOYUQHDLK,2
WDOYUQHDLK,27
WDOYUQHDLK,11
WDOYUQHDLK,6
WDOYUQHDLK,9
OG55V5TZKG,36
OG55V5TZKG,3
OG55V5TZKG,24
OG55V5TZKG,26
OG55V5TZKG,32
OG55V5TZKG,13
OG55V5TZKG,30
OG55V5TZKG,6
OG55V5TZKG,11
WFIGDV7SF7,24
WFIGDV7SF7,6
WFIGDV7SF7,31
WFIGDV7SF7,16
WFIGDV7SF7,24
WFIGDV7SF7,26
6Q0EPB0LD3,28
6Q0EPB0LD3,19
6Q0EPB0LD3,35
6JAOX0SNQQ,26
6JAOX0SNQQ,9
6JAOX0SNQQ,16
6JAOX0SNQQ,37
6JAOX0SNQQ,5
6JAOX0SNQQ,22
6JAOX0SNQQ,35
6JAOX0SNQQ,29
6JAOX0SNQQ,8
JGB745M5D9,23
JGB745M5D9,17
JGB745M5D9,31
JGB745M5D9,21
JGB745M5D9,19
E2VZJ8ZYWJ,22
E2VZJ8ZYWJ,21
E2VZJ8ZYWJ,6
E2VZJ8ZYWJ,24
AFDNPF7SP0,32
AFDNPF7SP0,2
AFDNPF7SP0,19
AFDNPF7SP0,15
AFDNPF7SP0,4
AFDNPF7SP0,13
AFDNPF7SP0,39
AFDNPF7SP0,9
4OOC3PVUHW,7
4OOC3PVUHW,21
4OOC3PVUHW,13
4OOC3PVUHW,7
4OOC3PVUHW,20
4OOC3PVUHW,7
4OOC3PVUHW,6
4OOC3PVUHW,10
4OOC3PVUHW,40
6UG56MZX7K,7
6UG56MZX7K,9
6UG56MZX7K,40
6UG56MZX7K,16
6UG56MZX7K,16
6UG56MZX7K,12
6UG56MZX7K,2
6UG56MZX7K,12
6UG56MZX7K,40
PDH87I49C6,16
PDH87I49C6,30
PDH87I49C6,10
PDH87I49C6,37
PDH87I49C6,1
PDH87I49C6,27
PDH87I49C6,26
PDH87I49C6,38
VPVGE87LI6,26
VPVGE87LI6,23
VPVGE87LI6,35
VPVGE87LI6,15
VPVGE87LI6,23
C023K4AP6K,2
C023K4AP6K,11
C023K4AP6K,18
C023K4AP6K,39
35MVBX686A,8
35MVBX686A,11
35MVBX686A,40
35MVBX686A,37
35MVBX686A,6
35MVBX686A,17
35MVBX686A,10
35MVBX686A,8
35MVBX686A,10
N3L1S5JX8A,39
N3L1S5JX8A,4
N3L1S5JX8A,20
N3L1S5JX8A,38
N3L1S5JX8A,8
N3L1S5JX8A,33
XLODP6V8TK,11
XLODP6V8TK,11
XLODP6V8TK,39
XLODP6V8TK,19
XLODP6V8TK,2
WBG9Z5SD4S,30
WBG9Z5SD4S,14
WBG9Z5SD4S,28
WBG9Z5SD4S,1
WBG9Z5SD4S,9
WBG9Z5SD4S,17
WBG9Z5SD4S,18
WBG9Z5SD4S,25
WBG9Z5SD4S,17
C0IU8TX2YB,40
C0IU8TX2YB,14
C0IU8TX2YB,17
C0IU8TX2YB,28
C0IU8TX2YB,17
C0IU8TX2YB,30
C0IU8TX2YB,22
V8G9ZSFBFR,15
V8G9ZSFBFR,15
V8G9ZSFBFR,36
ILIYRJQMB4,3
ILIYRJQMB4,7
ILIYRJQMB4,15
ILIYRJQMB4,39
ILIYRJQMB4,14
ILIYRJQMB4,18
LYCEJHP95V,13
LYCEJHP95V,23
LYCEJHP95V,22
LYCEJHP95V,33
LYCEJHP95V,13
LYCEJHP95V,32
LYCEJHP95V,30
7XKVOQ9PXU,10
7XKVOQ9PXU,4
7XKVOQ9PXU,27
7XKVOQ9PXU,36
WTIYF76YM7,7
WTIYF76YM7,20
WTIYF76YM7,24
WTIYF76YM7,37
WTIYF76YM7,1
WTIYF76YM7,30
WTIYF76YM7,1
WTIYF76YM7,30
WTIYF76YM7,24
YWSOXMODBS,12
YWSOXMODBS,34
YWSOXMODBS,6
MXSYBITWZJ,14
MXSYBITWZJ,3
MXSYBITWZJ,19
MXSYBITWZJ,29
MXSYBITWZJ,7
R5SBBMMK37,22
R5SBBMMK37,18
R5SBBMMK37,1
R5SBBMMK37,14
R5SBBMMK37,11
R5SBBMMK37,25
R5SBBMMK37,21
R5SBBMMK37,6
R5SBBMMK37,11
GDH3YQHAJG,15
GDH3YQHAJG,26
GDH3YQHAJG,34
KJ949UUPP9,20
KJ949UUPP9,15
KJ949UUPP9,35
IAV3WY2UQQ,2
IAV3WY2UQQ,30
IAV3WY2UQQ,11
IAV3WY2UQQ,4
IAV3WY2UQQ,28
IAV3WY2UQQ,21
H3T8HIY6A3,2
H3T8HIY6A3,5
H3T8HIY6A3,4
H3T8HIY6A3,38
H3T8HIY6A3,14
H3T8HIY6A3,2
TR3R5YC5VP,9
TR3R5YC5VP,2
TR3R5YC5VP,20
TR3R5YC5VP,2
TR3R5YC5VP,26
TR3R5YC5VP,16
TR3R5YC5VP,33
MZ6QOGH89P,26
MZ6QOGH89P,33
MZ6QOGH89P,10
MZ6QOGH89P,25
MZ6QOGH89P,35
AQZZTI8NSK,1
AQZZTI8NSK,31
AQZZTI8NSK,21
AQZZTI8NSK,37
AQZZTI8NSK,12
XYZ99KHJ1J,15
XYZ99KHJ1J,25
XYZ99KHJ1J,18
XYZ99KHJ1J,39
XYZ99KHJ1J,10
XYZ99KHJ1J,31
XYZ99KHJ1J,39
3Q7PPM221V,18
3Q7PPM221V,21
3Q7PPM221V,9
EQOYE0ZPXZ,40
EQOYE0ZPXZ,12
EQOYE0ZPXZ,35
EQOYE0ZPXZ,18
EQOYE0ZPXZ,12
EQOYE0ZPXZ,26
EQOYE0ZPXZ,26
EQOYE0ZPXZ,8
EK43H54FMA,32
EK43H54FMA,30
EK43H54FMA,22
EK43H54FMA,32
EK43H54FMA,36
I7KINY80O1,29
I7KINY80O1,12
I7KINY80O1,19
I7KINY80O1,29
I7KINY80O1,24
I7KINY80O1,31
ZM0EZVW4SE,28
ZM0EZVW4SE,38
ZM0EZVW4SE,32
ZM0EZVW4SE,13
ZM0EZVW4SE,2
ZM0EZVW4SE,31
ZM0EZVW4SE,2
AXP6KNFU7O,25
AXP6KNFU7O,6
AXP6KNFU7O,2
AXP6KNFU7O,22
AXP6KNFU7O,28
AXP6KNFU7O,10
AXP6KNFU7O,30
AXP6KNFU7O,15
AXP6KNFU7O,20
JSMV75A4QF,17
JSMV75A4QF,37
JSMV75A4QF,40
JSMV75A4QF,3
T1KXPLDSPG,19
T1KXPLDSPG,22
T1KXPLDSPG,13
T1KXPLDSPG,22
GMO2HPKSU4,14
GMO2HPKSU4,3
GMO2HPKSU4,1
GMO2HPKSU4,6
GMO2HPKSU4,3
9O8TG6JTW1,9
9O8TG6JTW1,15
9O8TG6JTW1,2
9O8TG6JTW1,35
NLGHC484JH,4
NLGHC484JH,11
NLGHC484JH,26
NLGHC484JH,28
NLGHC484JH,23
NLGHC484JH,14
NLGHC484JH,2
81PIG8PZAC,3
81PIG8PZAC,8
81PIG8PZAC,40
81PIG8PZAC,24
81PIG8PZAC,16
81PIG8PZAC,15
81PIG8PZAC,21
81PIG8PZAC,10
P4U0EUHF6T,25
P4U0EUHF6T,32
P4U0EUHF6T,31
P4U0EUHF6T,15
9QDWRSGG86,31
9QDWRSGG86,30
9QDWRSGG86,39
9QDWRSGG86,3
9QDWRSGG86,35
9QDWRSGG86,14
26897PEZJ8,33
26897PEZJ8,16
26897PEZJ8,30
26897PEZJ8,30
26897PEZJ8,36
26897PEZJ8,15
XJUZ1IJYJX,7
XJUZ1IJYJX,9
XJUZ1IJYJX,37
XJUZ1IJYJX,35
XJUZ1IJYJX,17
XJUZ1IJYJX,15
XJUZ1IJYJX,1
XJUZ1IJYJX,29
XJUZ1IJYJX,2
X337ZN5S0J,21
X337ZN5S0J,10
X337ZN5S0J,32
B73X9RP4M6,11
B73X9RP4M6,10
B73X9RP4M6,22
B73X9RP4M6,9
B73X9RP4M6,30
B73X9RP4M6,4
4TWZZJ5NVQ,13
4TWZZJ5NVQ,34
4TWZZJ5NVQ,31
4TWZZJ5NVQ,38
4TWZZJ5NVQ,11
VA1HB7S2IF,35
VA1HB7S2IF,19
VA1HB7S2IF,5
VA1HB7S2IF,26
VA1HB7S2IF,36
FT20B4XA9I,12
FT20B4XA9I,24
FT20B4XA9I,18
FT20B4XA9I,26
FT20B4XA9I,31
FT20B4XA9I,4
FT20B4XA9I,7
WBHH5X5NMO,29
WBHH5X5NMO,4
WBHH5X5NMO,37
RI2U7R0ZP8,14
RI2U7R0ZP8,4
RI2U7R0ZP8,8
RI2U7R0ZP8,14
RI2U7R0ZP8,31
RI2U7R0ZP8,21
RI2U7R0ZP8,27
DON0S3C90M,7
DON0S3C90M,18
DON0S3C90M,37
DON0S3C90M,40
DON0S3C90M,27
DON0S3C90M,19
DON0S3C90M,25
OLTYPSNKC3,38
OLTYPSNKC3,36
OLTYPSNKC3,13
OLTYPSNKC3,6
6NVE2DMMOA,21
6NVE2DMMOA,36
6NVE2DMMOA,14
4KRQ5JRQPN,14
4KRQ5JRQPN,24
4KRQ5JRQPN,31
4KRQ5JRQPN,7
4KRQ5JRQPN,9
4KRQ5JRQPN,4
4KRQ5JRQPN,23
4KRQ5JRQPN,19
9T3BZZLMUE,22
9T3BZZLMUE,18
9T3BZZLMUE,6
9T3BZZLMUE,8
9T3BZZLMUE,28
9T3BZZLMUE,36
9T3BZZLMUE,6
9T3BZZLMUE,36
9T3BZZLMUE,9
URQMLYWTA3,24
URQMLYWTA3,16
URQMLYWTA3,40
URQMLYWTA3,30
URQMLYWTA3,22
URQMLYWTA3,39
URQMLYWTA3,13
URQMLYWTA3,8
URQMLYWTA3,31
R75OUCWP6G,13
R75OUCWP6G,34
R75OUCWP6G,32
R75OUCWP6G,21
R75OUCWP6G,38
R75OUCWP6G,1
R75OUCWP6G,17
R75OUCWP6G,27
RP87M7W8Y9,26
RP87M7W8Y9,11
RP87M7W8Y9,10
RP87M7W8Y9,36
RP87M7W8Y9,19
RP87M7W8Y9,35
RP87M7W8Y9,32
V1F6DFISNR,34
V1F6DFISNR,35
V1F6DFISNR,8
31YE6B70VO,3
31YE6B70VO,9
31YE6B70VO,14
31YE6B70VO,23
31YE6B70VO,37
31YE6B70VO,39
31YE6B70VO,20
31YE6B70VO,12
31YE6B70VO,1
,
UE28U3PCGF,22
UE28U3PCGF,29
UE28U3PCGF,7
